image_id,is_ai,style_id
1,2,0
2,2,0
3,2,1
4,2,0
5,2,0
6,2,0
7,2,0
8,1,1
9,2,1
10,2,1
11,2,0
12,2,0
13,2,1
14,2,0
15,2,0
16,2,1
17,2,1
18,2,0
19,2,0
20,2,0
21,2,0
22,2,0
23,2,1
24,2,0
25,2,1
26,2,5
27,2,0
28,2,0
29,2,0
30,2,0
31,2,7
32,2,1
33,2,0
34,2,0
35,2,0
36,2,0
37,2,0
38,2,1
39,2,0
40,2,0
41,2,0
42,2,0
43,2,1
44,2,0
45,2,1
46,2,0
47,2,0
48,2,0
49,2,0
50,2,1
51,2,0
52,2,1
53,2,0
54,2,1
55,2,0
56,2,5
57,2,0
58,2,0
59,2,0
60,2,1
61,2,0
62,2,0
63,2,1
64,2,0
65,2,0
66,2,1
67,2,0
68,2,0
69,2,0
70,2,0
71,2,5
72,2,0
73,2,0
74,2,0
75,2,0
76,2,0
77,2,0
78,2,0
79,2,0
80,2,1
81,2,0
82,2,0
83,2,0
84,2,1
85,2,0
86,2,6
87,2,1
88,2,0
89,2,0
90,2,1
91,2,0
92,2,1
93,2,0
94,2,0
95,2,0
96,2,6
97,2,1
98,2,1
99,2,0
100,2,0
101,2,0
102,2,1
103,2,0
104,2,1
105,2,0
106,2,0
107,2,0
108,2,0
109,2,0
110,2,0
111,2,0
112,2,1
113,2,0
114,2,0
115,2,1
116,2,1
117,2,7
118,2,0
119,2,0
120,2,0
121,2,0
122,2,0
123,2,0
124,2,0
125,2,0
126,2,0
127,2,0
128,2,0
129,2,0
130,2,1
131,2,0
132,2,1
133,2,0
134,2,0
135,2,1
136,2,0
137,2,0
138,2,0
139,2,0
140,2,1
141,2,0
142,2,0
143,2,1
144,2,0
145,2,0
146,2,0
147,2,1
148,2,0
149,2,1
150,1,1
151,2,1
152,2,0
153,2,0
154,2,0
155,2,0
156,2,0
157,2,1
158,2,0
159,2,0
160,2,0
161,2,0
162,2,0
163,2,0
164,2,0
165,2,0
166,2,0
167,2,0
168,2,1
169,2,0
170,2,0
171,2,0
172,2,1
173,2,1
174,2,5
175,2,0
176,2,0
177,2,0
178,2,1
179,2,0
180,2,1
181,2,0
182,2,1
183,2,0
184,2,0
185,2,0
186,2,0
187,2,0
188,2,0
189,2,0
190,2,0
191,0,0
192,2,1
193,2,1
194,2,0
195,2,1
196,2,0
197,2,1
198,2,0
199,2,0
200,2,0
201,2,1
202,2,0
203,2,0
204,2,0
205,2,0
206,2,0
207,2,0
208,2,1
209,2,1
210,2,0
211,2,0
212,2,5
213,2,0
214,2,0
215,2,1
216,2,1
217,2,0
218,2,0
219,2,0
220,2,0
221,2,1
222,2,0
223,2,0
224,2,1
225,2,1
226,2,0
227,2,0
228,2,0
229,2,0
230,2,0
231,2,0
232,2,0
233,2,1
234,2,0
235,2,0
236,2,1
237,2,0
238,2,1
239,2,0
240,2,0
241,2,0
242,2,0
243,2,0
244,2,0
245,2,1
246,2,1
247,2,1
248,2,1
249,2,0
250,2,0
251,2,1
252,2,1
253,2,1
254,2,1
255,2,6
256,2,1
257,2,1
258,2,6
259,2,6
260,2,1
261,2,1
262,2,1
263,2,1
264,2,0
265,2,1
266,2,6
267,2,7
268,2,0
269,2,7
270,2,1
271,2,1
272,2,0
273,2,1
274,2,1
275,2,1
276,2,6
277,2,1
278,2,1
279,2,1
280,2,1
281,2,1
282,2,1
283,2,0
284,2,1
285,2,0
286,2,1
287,2,1
288,2,1
289,2,0
290,2,1
291,2,1
292,2,0
293,2,1
294,2,1
295,2,1
296,2,1
297,2,1
298,2,1
299,2,1
300,2,1
301,2,1
302,2,6
303,2,1
304,2,1
305,2,1
306,2,0
307,2,1
308,2,1
309,2,1
310,2,1
311,2,1
312,2,1
313,2,1
314,2,1
315,2,6
316,2,1
317,2,1
318,2,1
319,2,1
320,0,1
321,2,1
322,2,6
323,2,1
324,2,1
325,2,1
326,2,7
327,2,1
328,2,1
329,2,1
330,2,1
331,2,1
332,2,1
333,2,6
334,2,1
335,2,1
336,2,1
337,2,1
338,2,1
339,2,1
340,2,1
341,2,1
342,2,1
343,2,1
344,2,1
345,2,1
346,2,1
347,2,1
348,2,1
349,2,6
350,2,1
351,2,7
352,2,1
353,2,1
354,2,1
355,2,6
356,2,0
357,2,1
358,2,1
359,2,1
360,2,1
361,2,1
362,2,1
363,2,7
364,2,1
365,2,1
366,2,0
367,2,1
368,2,1
369,2,1
370,2,7
371,2,1
372,2,1
373,2,1
374,2,1
375,2,1
376,2,1
377,2,1
378,2,1
379,2,1
380,2,5
381,2,1
382,2,1
383,2,0
384,2,1
385,2,1
386,2,0
387,2,1
388,2,1
389,2,1
390,2,1
391,2,1
392,2,1
393,2,1
394,2,1
395,2,1
396,2,1
397,2,1
398,2,5
399,2,1
400,2,0
401,2,6
402,2,1
403,2,1
404,2,1
405,2,1
406,2,1
407,2,1
408,2,7
409,2,1
410,2,1
411,2,1
412,2,0
413,2,1
414,2,1
415,2,1
416,2,1
417,2,1
418,2,7
419,2,1
420,2,1
421,2,1
422,2,6
423,2,0
424,2,1
425,2,0
426,2,1
427,2,1
428,2,7
429,2,1
430,2,1
431,2,1
432,2,7
433,2,1
434,2,1
435,2,1
436,2,1
437,2,1
438,2,6
439,2,1
440,2,1
441,2,1
442,2,1
443,2,1
444,2,1
445,2,7
446,2,7
447,2,1
448,2,0
449,2,1
450,2,0
451,2,1
452,2,1
453,2,1
454,2,0
455,2,1
456,2,0
457,2,1
458,2,1
459,2,1
460,2,1
461,2,1
462,2,1
463,2,1
464,2,1
465,2,1
466,2,1
467,2,1
468,2,6
469,2,1
470,2,1
471,2,1
472,2,1
473,2,1
474,2,1
475,2,1
476,2,1
477,2,1
478,2,1
479,2,1
480,2,1
481,2,1
482,2,7
483,2,1
484,2,1
485,2,1
486,2,1
487,2,1
488,2,1
489,2,1
490,2,1
491,0,0
492,2,1
493,2,1
494,2,1
495,2,6
496,2,1
497,2,1
498,2,1
499,2,1
500,2,1
501,2,3
502,2,2
503,2,2
504,2,2
505,2,2
506,2,2
507,2,2
508,2,2
509,2,2
510,2,2
511,2,3
512,2,2
513,2,2
514,2,2
515,2,2
516,2,2
517,2,2
518,2,2
519,2,2
520,2,2
521,2,2
522,2,2
523,2,2
524,2,2
525,2,8
526,2,3
527,2,8
528,2,3
529,2,2
530,2,2
531,2,2
532,2,2
533,2,3
534,2,3
535,2,2
536,2,2
537,2,2
538,2,2
539,2,2
540,2,3
541,2,2
542,2,2
543,2,2
544,2,2
545,2,2
546,2,2
547,2,4
548,2,2
549,2,2
550,2,2
551,2,2
552,2,8
553,2,2
554,2,3
555,1,2
556,2,2
557,2,3
558,2,2
559,2,2
560,2,2
561,2,2
562,2,2
563,2,2
564,2,2
565,2,2
566,2,2
567,2,3
568,2,2
569,2,2
570,2,2
571,2,2
572,2,2
573,2,2
574,2,2
575,2,3
576,2,2
577,2,2
578,2,2
579,2,8
580,2,2
581,2,2
582,2,2
583,2,2
584,2,2
585,2,2
586,2,2
587,2,2
588,2,2
589,2,2
590,2,2
591,2,2
592,2,8
593,2,2
594,2,2
595,2,2
596,2,2
597,2,2
598,2,2
599,2,3
600,2,2
601,2,2
602,2,2
603,1,2
604,2,3
605,2,2
606,2,3
607,2,2
608,2,2
609,2,2
610,2,2
611,2,2
612,2,2
613,2,2
614,2,2
615,2,2
616,2,2
617,2,2
618,2,2
619,2,2
620,2,8
621,2,2
622,2,8
623,2,2
624,2,8
625,2,2
626,2,3
627,2,4
628,2,2
629,2,2
630,2,2
631,2,2
632,2,7
633,2,2
634,2,7
635,2,2
636,2,8
637,2,3
638,2,2
639,2,3
640,2,2
641,2,2
642,2,7
643,2,2
644,2,2
645,2,2
646,2,2
647,2,2
648,2,2
649,2,2
650,2,2
651,2,2
652,2,2
653,2,2
654,2,2
655,2,2
656,2,2
657,2,2
658,2,2
659,2,2
660,2,3
661,2,2
662,2,2
663,2,8
664,2,2
665,2,8
666,2,2
667,2,2
668,2,2
669,2,8
670,2,2
671,2,2
672,2,2
673,2,2
674,2,2
675,2,2
676,2,2
677,2,2
678,2,4
679,2,2
680,2,2
681,2,2
682,2,2
683,2,2
684,2,2
685,2,2
686,2,2
687,2,2
688,2,3
689,2,2
690,2,2
691,2,7
692,2,2
693,2,2
694,2,3
695,2,2
696,2,2
697,2,3
698,2,7
699,2,2
700,2,2
701,2,7
702,2,2
703,2,2
704,2,2
705,2,2
706,2,2
707,2,3
708,2,2
709,2,2
710,2,3
711,2,2
712,2,2
713,2,2
714,2,2
715,2,2
716,2,2
717,2,2
718,2,2
719,2,2
720,2,2
721,2,3
722,2,2
723,2,2
724,2,3
725,2,2
726,2,2
727,2,2
728,2,2
729,2,3
730,2,7
731,2,3
732,2,2
733,2,2
734,2,2
735,2,8
736,2,2
737,2,2
738,2,2
739,2,2
740,2,2
741,2,2
742,2,8
743,2,2
744,2,2
745,2,2
746,2,2
747,2,8
748,2,3
749,2,2
750,2,2
751,2,3
752,2,4
753,2,3
754,2,3
755,2,3
756,2,2
757,2,3
758,2,2
759,2,3
760,2,3
761,2,3
762,2,3
763,2,2
764,2,2
765,2,8
766,2,3
767,2,3
768,2,3
769,2,4
770,2,2
771,2,3
772,2,2
773,2,3
774,2,3
775,2,4
776,2,3
777,2,3
778,0,7
779,2,3
780,2,3
781,2,3
782,2,4
783,2,3
784,2,4
785,2,3
786,2,4
787,2,3
788,2,3
789,2,2
790,2,3
791,2,4
792,2,3
793,2,3
794,2,4
795,2,3
796,2,3
797,2,3
798,2,3
799,2,3
800,2,3
801,2,4
802,2,3
803,2,4
804,2,3
805,2,3
806,2,3
807,2,3
808,2,3
809,2,3
810,2,3
811,2,3
812,2,2
813,2,3
814,2,3
815,2,3
816,2,3
817,2,3
818,2,3
819,2,3
820,2,8
821,2,4
822,2,4
823,2,2
824,2,3
825,2,5
826,2,3
827,2,4
828,2,3
829,2,3
830,2,4
831,2,3
832,2,3
833,2,3
834,2,4
835,2,3
836,2,3
837,2,3
838,2,3
839,2,3
840,2,4
841,2,2
842,2,8
843,2,3
844,2,3
845,2,2
846,2,3
847,2,3
848,2,3
849,2,3
850,2,4
851,2,4
852,2,4
853,2,3
854,2,8
855,2,3
856,2,4
857,2,4
858,2,3
859,2,3
860,2,3
861,2,4
862,2,3
863,2,3
864,2,3
865,2,3
866,2,4
867,2,3
868,2,3
869,2,0
870,2,3
871,2,2
872,2,4
873,2,3
874,2,3
875,2,3
876,2,3
877,2,3
878,2,4
879,2,3
880,2,4
881,2,2
882,2,3
883,2,3
884,2,3
885,2,3
886,2,3
887,2,4
888,2,3
889,2,3
890,2,3
891,2,3
892,2,4
893,2,4
894,2,3
895,2,3
896,2,2
897,2,4
898,2,4
899,2,2
900,2,3
901,2,3
902,2,4
903,2,3
904,2,4
905,2,4
906,2,3
907,2,3
908,2,3
909,2,3
910,2,2
911,2,4
912,2,3
913,2,3
914,2,3
915,2,3
916,2,3
917,2,3
918,2,3
919,2,4
920,2,3
921,2,3
922,2,3
923,2,4
924,2,3
925,2,4
926,2,8
927,2,3
928,2,3
929,2,3
930,2,3
931,2,4
932,2,3
933,2,3
934,2,3
935,2,3
936,2,3
937,2,4
938,2,3
939,2,3
940,2,3
941,2,4
942,2,3
943,2,3
944,2,4
945,2,3
946,2,3
947,2,4
948,2,3
949,2,3
950,2,3
951,2,3
952,2,3
953,2,4
954,2,3
955,2,3
956,2,3
957,2,3
958,2,4
959,2,4
960,2,4
961,2,4
962,2,2
963,2,3
964,2,3
965,2,2
966,2,3
967,2,3
968,2,4
969,2,4
970,2,4
971,2,3
972,2,3
973,2,2
974,2,2
975,2,3
976,2,3
977,2,3
978,2,4
979,2,3
980,2,3
981,2,4
982,2,3
983,2,3
984,2,3
985,2,3
986,2,3
987,2,3
988,2,3
989,2,2
990,2,4
991,2,3
992,2,7
993,2,3
994,2,4
995,2,4
996,2,3
997,2,3
998,2,3
999,2,3
1000,2,3
1001,2,3
1002,2,3
1003,2,4
1004,2,5
1005,2,3
1006,2,4
1007,2,3
1008,2,2
1009,2,4
1010,2,4
1011,2,4
1012,2,3
1013,2,3
1014,2,3
1015,2,4
1016,2,3
1017,0,3
1018,2,5
1019,2,4
1020,2,3
1021,2,3
1022,2,3
1023,2,3
1024,2,2
1025,2,3
1026,2,4
1027,2,3
1028,2,4
1029,2,3
1030,2,3
1031,2,4
1032,2,3
1033,2,3
1034,2,4
1035,2,3
1036,2,7
1037,2,3
1038,2,3
1039,2,3
1040,2,4
1041,0,4
1042,2,4
1043,2,4
1044,2,3
1045,2,3
1046,2,4
1047,2,3
1048,2,3
1049,2,3
1050,2,3
1051,2,4
1052,2,4
1053,2,3
1054,2,3
1055,2,3
1056,2,3
1057,2,4
1058,2,4
1059,2,4
1060,2,3
1061,2,3
1062,2,4
1063,2,4
1064,2,4
1065,2,4
1066,2,3
1067,2,4
1068,2,4
1069,2,3
1070,2,3
1071,2,3
1072,2,3
1073,2,3
1074,2,3
1075,2,4
1076,2,4
1077,2,4
1078,2,3
1079,2,3
1080,2,3
1081,2,4
1082,2,4
1083,2,4
1084,2,3
1085,2,4
1086,2,3
1087,2,4
1088,2,2
1089,2,5
1090,2,4
1091,2,4
1092,2,4
1093,2,5
1094,2,3
1095,2,3
1096,2,3
1097,2,3
1098,2,3
1099,2,3
1100,2,3
1101,2,4
1102,2,4
1103,2,3
1104,2,3
1105,2,3
1106,2,4
1107,2,4
1108,2,3
1109,2,3
1110,2,4
1111,2,3
1112,2,3
1113,2,4
1114,2,4
1115,2,4
1116,2,3
1117,2,4
1118,2,3
1119,2,4
1120,2,4
1121,2,3
1122,2,3
1123,2,3
1124,2,3
1125,2,4
1126,2,4
1127,2,3
1128,2,3
1129,2,4
1130,2,2
1131,2,4
1132,2,3
1133,2,4
1134,2,4
1135,2,3
1136,2,3
1137,2,3
1138,2,4
1139,2,3
1140,2,3
1141,2,3
1142,2,3
1143,2,5
1144,2,3
1145,2,4
1146,2,3
1147,2,4
1148,2,4
1149,2,3
1150,2,3
1151,2,4
1152,2,4
1153,2,3
1154,2,3
1155,2,5
1156,2,3
1157,2,3
1158,2,3
1159,2,4
1160,2,3
1161,2,4
1162,2,2
1163,2,4
1164,2,3
1165,2,3
1166,2,4
1167,2,0
1168,2,3
1169,2,3
1170,2,3
1171,2,4
1172,2,3
1173,2,4
1174,2,4
1175,2,4
1176,2,3
1177,2,3
1178,2,3
1179,2,3
1180,2,5
1181,2,3
1182,2,3
1183,2,4
1184,2,3
1185,2,4
1186,2,4
1187,2,3
1188,2,3
1189,2,3
1190,2,3
1191,2,7
1192,2,4
1193,2,4
1194,2,4
1195,2,3
1196,2,3
1197,2,3
1198,2,3
1199,2,3
1200,2,3
1201,2,3
1202,2,3
1203,2,4
1204,2,4
1205,2,2
1206,2,3
1207,2,4
1208,2,3
1209,2,3
1210,2,3
1211,2,3
1212,2,4
1213,2,3
1214,2,4
1215,2,3
1216,2,3
1217,2,4
1218,2,3
1219,2,3
1220,2,7
1221,2,3
1222,2,2
1223,2,3
1224,2,3
1225,2,4
1226,2,3
1227,2,3
1228,2,4
1229,2,3
1230,2,3
1231,2,4
1232,2,3
1233,2,4
1234,2,4
1235,2,3
1236,2,3
1237,2,4
1238,2,4
1239,2,3
1240,2,3
1241,2,4
1242,2,3
1243,2,3
1244,2,3
1245,2,4
1246,2,3
1247,2,5
1248,2,4
1249,2,3
1250,2,3
1251,2,5
1252,2,5
1253,2,7
1254,2,5
1255,2,5
1256,2,5
1257,2,1
1258,2,5
1259,2,5
1260,2,5
1261,2,1
1262,2,5
1263,2,5
1264,2,5
1265,2,5
1266,2,5
1267,2,7
1268,2,5
1269,2,7
1270,2,5
1271,2,5
1272,2,5
1273,2,5
1274,2,5
1275,2,5
1276,2,5
1277,2,5
1278,2,5
1279,2,0
1280,2,7
1281,2,5
1282,2,1
1283,2,7
1284,2,5
1285,2,1
1286,2,8
1287,2,7
1288,2,7
1289,2,7
1290,2,5
1291,2,7
1292,2,1
1293,2,5
1294,2,5
1295,2,5
1296,2,7
1297,2,7
1298,2,7
1299,2,7
1300,2,3
1301,2,6
1302,2,5
1303,2,5
1304,2,5
1305,2,2
1306,2,5
1307,2,1
1308,2,1
1309,2,5
1310,0,5
1311,2,7
1312,2,5
1313,2,5
1314,2,7
1315,2,5
1316,2,1
1317,2,1
1318,2,7
1319,2,7
1320,2,5
1321,2,7
1322,2,5
1323,2,5
1324,2,5
1325,2,5
1326,2,5
1327,2,1
1328,2,5
1329,2,7
1330,2,5
1331,2,5
1332,2,5
1333,2,5
1334,2,1
1335,2,7
1336,2,7
1337,2,5
1338,2,1
1339,2,6
1340,2,7
1341,2,5
1342,2,3
1343,2,5
1344,2,5
1345,0,5
1346,2,5
1347,2,5
1348,2,5
1349,2,5
1350,2,5
1351,2,7
1352,2,5
1353,2,5
1354,2,5
1355,2,6
1356,2,1
1357,2,7
1358,2,5
1359,2,7
1360,2,5
1361,2,6
1362,2,6
1363,2,4
1364,2,5
1365,2,5
1366,2,5
1367,2,5
1368,2,7
1369,2,6
1370,2,5
1371,2,7
1372,2,5
1373,2,7
1374,2,0
1375,2,5
1376,2,5
1377,2,7
1378,2,7
1379,2,5
1380,2,3
1381,2,5
1382,2,7
1383,2,7
1384,2,7
1385,2,6
1386,2,1
1387,2,7
1388,2,4
1389,2,5
1390,2,5
1391,2,5
1392,2,5
1393,2,1
1394,2,5
1395,2,7
1396,2,7
1397,2,5
1398,2,7
1399,2,5
1400,2,4
1401,2,7
1402,2,7
1403,2,5
1404,2,5
1405,2,7
1406,2,6
1407,2,5
1408,2,5
1409,2,5
1410,2,1
1411,2,5
1412,2,7
1413,2,5
1414,2,5
1415,2,5
1416,2,5
1417,2,5
1418,2,7
1419,2,5
1420,2,7
1421,2,5
1422,2,5
1423,2,1
1424,2,5
1425,2,5
1426,2,5
1427,2,7
1428,2,5
1429,2,6
1430,2,1
1431,2,7
1432,2,2
1433,2,7
1434,2,5
1435,2,1
1436,2,5
1437,2,5
1438,2,0
1439,2,5
1440,2,5
1441,2,7
1442,2,7
1443,0,5
1444,2,5
1445,2,7
1446,2,7
1447,2,5
1448,2,1
1449,2,5
1450,2,5
1451,2,5
1452,2,5
1453,2,6
1454,2,7
1455,2,7
1456,2,5
1457,2,1
1458,2,5
1459,2,7
1460,2,5
1461,2,3
1462,2,7
1463,2,5
1464,2,5
1465,2,5
1466,2,5
1467,2,7
1468,2,5
1469,2,5
1470,2,5
1471,2,5
1472,2,6
1473,2,5
1474,2,5
1475,2,5
1476,2,1
1477,2,5
1478,2,5
1479,2,5
1480,2,7
1481,2,7
1482,2,5
1483,2,5
1484,2,5
1485,2,5
1486,2,1
1487,2,7
1488,2,0
1489,2,5
1490,2,5
1491,2,1
1492,2,7
1493,2,7
1494,2,6
1495,2,5
1496,2,5
1497,2,5
1498,2,4
1499,2,5
1500,2,5
1501,2,0
1502,2,6
1503,2,7
1504,2,6
1505,2,6
1506,2,1
1507,2,6
1508,2,6
1509,2,6
1510,2,1
1511,2,6
1512,2,1
1513,2,6
1514,2,6
1515,2,6
1516,2,6
1517,2,1
1518,2,7
1519,2,6
1520,2,6
1521,2,6
1522,2,9
1523,2,6
1524,2,7
1525,2,6
1526,2,7
1527,2,5
1528,2,6
1529,2,1
1530,2,1
1531,2,6
1532,2,5
1533,2,1
1534,2,1
1535,2,6
1536,2,6
1537,2,7
1538,2,6
1539,2,1
1540,2,7
1541,2,6
1542,2,1
1543,2,7
1544,2,7
1545,2,6
1546,2,7
1547,2,1
1548,2,7
1549,2,7
1550,2,6
1551,2,1
1552,2,7
1553,2,6
1554,2,1
1555,2,1
1556,2,7
1557,2,7
1558,2,6
1559,2,1
1560,2,7
1561,2,7
1562,2,6
1563,2,7
1564,2,7
1565,2,1
1566,2,1
1567,2,6
1568,2,6
1569,2,1
1570,2,7
1571,2,5
1572,2,7
1573,0,6
1574,2,7
1575,2,6
1576,2,7
1577,2,5
1578,2,7
1579,2,1
1580,2,1
1581,2,0
1582,2,6
1583,2,1
1584,2,1
1585,2,6
1586,2,6
1587,0,5
1588,2,6
1589,2,6
1590,2,6
1591,2,6
1592,2,5
1593,2,1
1594,2,7
1595,2,1
1596,0,0
1597,2,6
1598,2,6
1599,2,1
1600,2,7
1601,2,7
1602,2,6
1603,2,0
1604,2,6
1605,2,1
1606,2,6
1607,2,6
1608,2,2
1609,2,6
1610,2,6
1611,2,5
1612,2,6
1613,2,1
1614,2,5
1615,2,6
1616,2,6
1617,2,6
1618,2,1
1619,2,6
1620,2,1
1621,2,7
1622,2,6
1623,2,1
1624,2,6
1625,2,6
1626,2,1
1627,2,7
1628,2,6
1629,2,6
1630,2,1
1631,2,6
1632,2,1
1633,2,6
1634,2,7
1635,2,7
1636,2,6
1637,0,0
1638,2,1
1639,2,6
1640,2,6
1641,2,6
1642,2,6
1643,2,6
1644,2,6
1645,2,6
1646,2,6
1647,2,6
1648,2,7
1649,2,1
1650,2,6
1651,2,6
1652,2,9
1653,2,5
1654,2,6
1655,2,6
1656,2,1
1657,2,5
1658,2,6
1659,2,7
1660,2,7
1661,2,5
1662,2,1
1663,2,7
1664,2,5
1665,2,1
1666,2,6
1667,2,6
1668,2,6
1669,2,1
1670,2,6
1671,2,7
1672,2,6
1673,2,6
1674,2,6
1675,2,6
1676,2,1
1677,2,6
1678,2,6
1679,2,7
1680,2,6
1681,2,6
1682,2,7
1683,2,1
1684,2,6
1685,2,7
1686,2,6
1687,2,7
1688,2,6
1689,2,6
1690,2,6
1691,2,6
1692,2,6
1693,2,6
1694,2,6
1695,2,6
1696,2,6
1697,2,7
1698,2,1
1699,2,6
1700,2,6
1701,2,6
1702,2,1
1703,2,6
1704,2,6
1705,2,6
1706,2,7
1707,2,6
1708,2,6
1709,2,7
1710,2,6
1711,2,1
1712,2,7
1713,2,0
1714,2,6
1715,2,6
1716,2,6
1717,2,7
1718,2,6
1719,2,6
1720,2,6
1721,2,6
1722,2,1
1723,2,1
1724,2,7
1725,2,6
1726,2,6
1727,2,6
1728,2,1
1729,2,7
1730,2,6
1731,2,6
1732,0,0
1733,2,5
1734,2,1
1735,2,7
1736,2,6
1737,2,5
1738,2,5
1739,2,7
1740,2,6
1741,2,1
1742,2,6
1743,2,1
1744,2,6
1745,2,6
1746,0,6
1747,2,6
1748,2,7
1749,2,6
1750,2,7
1751,2,4
1752,2,5
1753,2,7
1754,2,7
1755,2,7
1756,2,7
1757,2,7
1758,0,7
1759,2,7
1760,2,7
1761,2,7
1762,2,7
1763,2,5
1764,2,7
1765,2,7
1766,2,7
1767,2,5
1768,2,7
1769,2,1
1770,2,7
1771,2,0
1772,2,7
1773,2,5
1774,2,7
1775,2,7
1776,2,5
1777,2,7
1778,2,7
1779,2,5
1780,0,7
1781,2,1
1782,2,7
1783,2,7
1784,2,5
1785,2,7
1786,2,5
1787,2,7
1788,2,7
1789,2,7
1790,2,5
1791,2,5
1792,2,7
1793,0,7
1794,2,7
1795,2,7
1796,2,7
1797,2,7
1798,2,7
1799,2,7
1800,2,7
1801,0,7
1802,2,7
1803,2,7
1804,2,5
1805,0,7
1806,2,3
1807,2,7
1808,2,7
1809,2,7
1810,2,7
1811,2,7
1812,2,7
1813,0,9
1814,2,7
1815,2,7
1816,2,5
1817,2,5
1818,2,7
1819,2,7
1820,2,7
1821,2,7
1822,2,7
1823,2,6
1824,2,7
1825,2,7
1826,2,7
1827,2,7
1828,2,7
1829,2,7
1830,2,7
1831,2,7
1832,2,7
1833,2,5
1834,2,7
1835,2,7
1836,2,7
1837,2,1
1838,2,7
1839,2,7
1840,2,7
1841,2,5
1842,2,7
1843,2,5
1844,2,7
1845,2,7
1846,2,5
1847,2,7
1848,0,7
1849,2,6
1850,2,6
1851,2,7
1852,2,7
1853,2,7
1854,2,1
1855,2,7
1856,2,1
1857,2,7
1858,2,7
1859,2,5
1860,2,7
1861,2,6
1862,2,5
1863,2,7
1864,2,5
1865,2,7
1866,2,7
1867,2,7
1868,2,5
1869,2,4
1870,2,7
1871,2,5
1872,2,5
1873,2,7
1874,2,5
1875,2,7
1876,2,7
1877,2,8
1878,2,5
1879,2,7
1880,2,7
1881,2,7
1882,1,7
1883,2,7
1884,2,7
1885,2,7
1886,2,5
1887,2,7
1888,2,7
1889,2,6
1890,2,6
1891,2,7
1892,2,5
1893,2,7
1894,2,6
1895,2,7
1896,0,7
1897,2,7
1898,2,5
1899,2,5
1900,2,7
1901,2,5
1902,2,1
1903,2,7
1904,2,7
1905,2,7
1906,2,5
1907,2,7
1908,2,5
1909,2,7
1910,2,6
1911,2,7
1912,2,7
1913,2,7
1914,2,6
1915,2,7
1916,2,7
1917,2,7
1918,2,7
1919,2,7
1920,2,6
1921,2,7
1922,2,7
1923,2,7
1924,2,7
1925,2,7
1926,2,7
1927,2,7
1928,2,7
1929,2,6
1930,2,7
1931,2,5
1932,2,7
1933,2,7
1934,2,7
1935,2,7
1936,2,7
1937,2,7
1938,2,7
1939,2,7
1940,2,5
1941,2,5
1942,2,7
1943,2,6
1944,2,7
1945,2,7
1946,2,5
1947,2,7
1948,2,7
1949,2,5
1950,2,5
1951,2,5
1952,2,7
1953,2,5
1954,2,7
1955,2,7
1956,2,1
1957,2,3
1958,2,7
1959,2,7
1960,2,5
1961,2,7
1962,2,7
1963,2,7
1964,2,7
1965,2,5
1966,2,7
1967,0,7
1968,2,7
1969,2,7
1970,2,7
1971,2,7
1972,2,6
1973,2,6
1974,2,7
1975,2,7
1976,2,6
1977,2,6
1978,2,7
1979,2,7
1980,2,7
1981,2,4
1982,2,7
1983,2,7
1984,2,5
1985,2,7
1986,2,7
1987,2,5
1988,2,7
1989,2,5
1990,2,8
1991,2,7
1992,2,7
1993,0,6
1994,2,7
1995,2,7
1996,2,7
1997,2,7
1998,2,7
1999,2,7
2000,2,7
2001,2,3
2002,2,4
2003,0,8
2004,2,8
2005,2,8
2006,2,4
2007,0,4
2008,2,8
2009,2,8
2010,2,4
2011,2,8
2012,2,4
2013,2,8
2014,2,5
2015,2,8
2016,2,7
2017,2,4
2018,0,8
2019,0,8
2020,2,8
2021,2,8
2022,2,2
2023,2,8
2024,2,3
2025,2,8
2026,2,4
2027,2,4
2028,0,4
2029,2,8
2030,0,8
2031,1,8
2032,2,8
2033,0,8
2034,2,7
2035,2,5
2036,0,8
2037,2,8
2038,2,2
2039,0,8
2040,0,2
2041,2,3
2042,2,8
2043,2,2
2044,2,8
2045,2,4
2046,2,8
2047,2,4
2048,2,3
2049,2,3
2050,2,2
2051,2,8
2052,2,8
2053,2,3
2054,0,8
2055,2,8
2056,2,5
2057,2,8
2058,2,8
2059,0,4
2060,2,8
2061,2,0
2062,2,2
2063,2,5
2064,2,4
2065,2,8
2066,2,3
2067,2,4
2068,2,2
2069,2,2
2070,2,8
2071,2,8
2072,0,9
2073,2,4
2074,2,2
2075,2,2
2076,2,2
2077,2,8
2078,2,5
2079,0,8
2080,2,2
2081,2,4
2082,2,7
2083,2,8
2084,2,8
2085,0,0
2086,2,3
2087,2,4
2088,2,8
2089,2,4
2090,2,4
2091,2,8
2092,2,8
2093,2,8
2094,2,6
2095,2,2
2096,2,2
2097,2,8
2098,2,8
2099,2,3
2100,2,2
2101,2,8
2102,2,8
2103,2,2
2104,2,8
2105,0,4
2106,2,7
2107,2,4
2108,2,2
2109,2,7
2110,0,4
2111,2,4
2112,2,4
2113,0,8
2114,2,8
2115,2,8
2116,2,7
2117,2,5
2118,2,8
2119,2,2
2120,2,2
2121,2,8
2122,2,4
2123,2,8
2124,2,2
2125,1,9
2126,2,4
2127,2,2
2128,2,8
2129,2,4
2130,2,8
2131,2,3
2132,0,4
2133,2,8
2134,2,8
2135,2,4
2136,2,3
2137,2,7
2138,2,2
2139,2,8
2140,2,8
2141,2,8
2142,2,4
2143,2,8
2144,0,8
2145,2,4
2146,2,2
2147,2,7
2148,2,8
2149,2,8
2150,2,8
2151,2,8
2152,2,4
2153,2,4
2154,2,1
2155,2,8
2156,2,8
2157,2,3
2158,2,2
2159,2,3
2160,0,8
2161,2,8
2162,2,8
2163,2,4
2164,2,8
2165,2,8
2166,2,2
2167,2,4
2168,0,8
2169,2,8
2170,2,0
2171,2,3
2172,0,4
2173,2,4
2174,2,8
2175,2,2
2176,2,2
2177,2,3
2178,2,8
2179,2,8
2180,1,4
2181,2,7
2182,1,8
2183,2,3
2184,2,8
2185,2,4
2186,2,7
2187,2,3
2188,2,4
2189,0,8
2190,0,2
2191,0,9
2192,2,4
2193,2,2
2194,2,2
2195,2,4
2196,2,8
2197,2,4
2198,2,2
2199,2,7
2200,2,4
2201,2,8
2202,2,4
2203,2,4
2204,2,8
2205,0,8
2206,2,8
2207,2,3
2208,0,4
2209,2,2
2210,2,4
2211,2,8
2212,2,4
2213,2,2
2214,2,4
2215,2,8
2216,2,4
2217,2,8
2218,2,8
2219,0,4
2220,0,4
2221,2,8
2222,2,7
2223,2,3
2224,2,8
2225,2,3
2226,2,4
2227,2,4
2228,2,3
2229,2,4
2230,2,8
2231,2,4
2232,2,4
2233,2,8
2234,1,0
2235,2,8
2236,2,8
2237,2,8
2238,2,8
2239,2,4
2240,2,4
2241,1,4
2242,2,8
2243,2,8
2244,2,4
2245,2,2
2246,2,8
2247,2,8
2248,2,8
2249,0,2
2250,2,4
2251,2,9
2252,2,9
2253,2,9
2254,2,9
2255,2,9
2256,2,9
2257,2,9
2258,2,9
2259,2,9
2260,2,9
2261,2,9
2262,2,9
2263,2,9
2264,2,9
2265,2,9
2266,2,9
2267,2,9
2268,2,9
2269,2,9
2270,2,9
2271,2,9
2272,2,9
2273,2,9
2274,2,9
2275,2,9
2276,2,9
2277,2,9
2278,2,9
2279,2,9
2280,2,9
2281,2,9
2282,2,9
2283,2,9
2284,2,9
2285,2,9
2286,2,9
2287,2,9
2288,2,9
2289,2,9
2290,2,9
2291,2,9
2292,2,9
2293,2,9
2294,2,9
2295,2,9
2296,2,9
2297,2,9
2298,2,9
2299,2,9
2300,2,9
2301,2,9
2302,2,9
2303,2,9
2304,0,9
2305,2,9
2306,2,9
2307,2,9
2308,2,9
2309,2,9
2310,2,9
2311,2,9
2312,2,9
2313,2,9
2314,2,9
2315,2,9
2316,2,9
2317,2,9
2318,2,9
2319,2,9
2320,2,9
2321,2,9
2322,2,9
2323,2,9
2324,2,9
2325,2,9
2326,2,9
2327,2,9
2328,2,9
2329,2,9
2330,2,9
2331,2,9
2332,0,9
2333,2,9
2334,2,9
2335,2,9
2336,2,9
2337,2,9
2338,2,9
2339,2,9
2340,2,9
2341,2,9
2342,2,9
2343,2,9
2344,2,9
2345,2,9
2346,2,9
2347,2,9
2348,2,9
2349,2,9
2350,2,9
2351,2,9
2352,2,9
2353,2,9
2354,2,9
2355,2,9
2356,2,9
2357,2,9
2358,2,9
2359,2,9
2360,2,9
2361,2,9
2362,2,9
2363,2,9
2364,2,9
2365,2,9
2366,2,9
2367,2,9
2368,2,9
2369,2,9
2370,2,9
2371,2,9
2372,2,9
2373,2,9
2374,2,9
2375,2,9
2376,2,9
2377,2,9
2378,2,9
2379,2,9
2380,2,9
2381,2,9
2382,2,9
2383,2,9
2384,2,9
2385,2,9
2386,2,9
2387,2,9
2388,2,9
2389,2,9
2390,2,9
2391,2,9
2392,2,9
2393,2,9
2394,2,9
2395,2,9
2396,2,9
2397,2,9
2398,2,9
2399,2,9
2400,2,9
2401,2,9
2402,2,9
2403,2,9
2404,2,9
2405,2,9
2406,2,9
2407,2,9
2408,2,9
2409,2,9
2410,2,9
2411,2,9
2412,2,9
2413,2,9
2414,2,9
2415,2,9
2416,2,9
2417,2,9
2418,2,9
2419,2,9
2420,2,9
2421,2,9
2422,2,9
2423,2,9
2424,2,9
2425,2,9
2426,2,9
2427,2,9
2428,2,9
2429,2,9
2430,2,9
2431,2,9
2432,2,9
2433,2,9
2434,2,9
2435,2,9
2436,2,9
2437,2,9
2438,2,9
2439,2,9
2440,2,9
2441,2,9
2442,2,9
2443,2,9
2444,2,9
2445,2,9
2446,2,9
2447,2,9
2448,2,9
2449,2,9
2450,2,9
2451,2,9
2452,2,9
2453,2,9
2454,2,9
2455,2,9
2456,2,9
2457,2,9
2458,2,9
2459,2,9
2460,2,9
2461,2,9
2462,2,9
2463,2,9
2464,2,9
2465,2,9
2466,2,9
2467,2,9
2468,2,9
2469,2,9
2470,2,9
2471,2,9
2472,2,9
2473,2,9
2474,2,9
2475,2,9
2476,2,9
2477,2,9
2478,2,9
2479,2,9
2480,2,9
2481,2,9
2482,2,9
2483,2,9
2484,2,9
2485,2,9
2486,2,9
2487,2,9
2488,2,9
2489,2,9
2490,2,9
2491,2,9
2492,2,9
2493,2,9
2494,2,9
2495,2,9
2496,2,9
2497,2,9
2498,2,9
2499,2,9
2500,2,9
2501,1,0
2502,1,0
2503,1,0
2504,1,0
2505,1,0
2506,1,0
2507,1,0
2508,1,0
2509,1,0
2510,1,0
2511,1,0
2512,1,4
2513,1,0
2514,1,0
2515,1,0
2516,1,0
2517,1,0
2518,1,0
2519,1,0
2520,1,0
2521,1,0
2522,1,0
2523,1,0
2524,1,0
2525,1,0
2526,1,0
2527,1,0
2528,1,0
2529,1,0
2530,1,0
2531,1,0
2532,1,0
2533,1,0
2534,1,0
2535,1,0
2536,1,0
2537,1,0
2538,1,0
2539,1,0
2540,1,0
2541,1,0
2542,1,0
2543,1,0
2544,1,0
2545,1,0
2546,1,0
2547,1,0
2548,1,0
2549,1,0
2550,1,0
2551,1,0
2552,1,0
2553,1,0
2554,1,0
2555,1,0
2556,1,0
2557,1,0
2558,1,0
2559,1,0
2560,1,0
2561,1,0
2562,1,0
2563,1,0
2564,1,0
2565,1,0
2566,1,0
2567,1,0
2568,1,0
2569,1,0
2570,1,0
2571,1,0
2572,1,0
2573,1,0
2574,1,0
2575,1,0
2576,1,0
2577,1,0
2578,1,0
2579,1,0
2580,1,0
2581,1,0
2582,1,0
2583,1,0
2584,1,0
2585,1,0
2586,1,0
2587,1,0
2588,1,9
2589,0,0
2590,1,0
2591,1,0
2592,1,0
2593,1,0
2594,1,0
2595,1,0
2596,1,0
2597,1,0
2598,1,0
2599,1,0
2600,1,0
2601,1,0
2602,1,0
2603,1,9
2604,1,0
2605,1,0
2606,1,0
2607,1,0
2608,1,0
2609,1,0
2610,1,0
2611,1,0
2612,1,0
2613,1,0
2614,1,0
2615,1,0
2616,1,0
2617,1,0
2618,1,0
2619,1,0
2620,1,0
2621,1,0
2622,1,0
2623,1,0
2624,1,0
2625,1,0
2626,1,0
2627,1,0
2628,1,0
2629,1,0
2630,1,0
2631,1,0
2632,1,0
2633,1,0
2634,1,0
2635,1,0
2636,1,0
2637,1,0
2638,1,0
2639,1,0
2640,1,0
2641,1,0
2642,1,0
2643,1,0
2644,1,0
2645,1,0
2646,1,9
2647,1,0
2648,1,0
2649,1,0
2650,1,0
2651,1,0
2652,1,0
2653,1,0
2654,1,0
2655,1,0
2656,1,0
2657,1,0
2658,1,0
2659,1,0
2660,1,0
2661,1,0
2662,1,0
2663,1,0
2664,1,0
2665,1,0
2666,1,0
2667,1,0
2668,1,0
2669,1,0
2670,1,0
2671,1,0
2672,1,0
2673,1,0
2674,1,0
2675,1,0
2676,1,0
2677,1,0
2678,1,0
2679,1,0
2680,1,0
2681,1,0
2682,1,0
2683,1,0
2684,1,0
2685,1,0
2686,1,2
2687,1,0
2688,1,0
2689,1,0
2690,1,0
2691,1,0
2692,1,0
2693,1,0
2694,1,0
2695,1,0
2696,1,0
2697,1,0
2698,1,0
2699,1,0
2700,1,0
2701,1,8
2702,1,0
2703,1,0
2704,1,0
2705,1,0
2706,1,0
2707,1,0
2708,1,0
2709,1,0
2710,1,0
2711,1,0
2712,1,0
2713,1,0
2714,0,0
2715,1,0
2716,1,0
2717,1,0
2718,1,0
2719,1,0
2720,1,0
2721,1,0
2722,1,0
2723,1,0
2724,1,0
2725,1,0
2726,1,0
2727,1,0
2728,1,0
2729,1,0
2730,1,0
2731,1,0
2732,1,0
2733,1,0
2734,1,0
2735,1,0
2736,1,0
2737,1,0
2738,1,0
2739,1,0
2740,1,0
2741,1,0
2742,1,0
2743,1,0
2744,1,0
2745,1,0
2746,1,0
2747,1,0
2748,1,0
2749,1,0
2750,1,0
2751,1,1
2752,1,1
2753,1,1
2754,1,1
2755,1,8
2756,1,1
2757,1,1
2758,1,1
2759,1,1
2760,1,1
2761,1,1
2762,1,1
2763,1,1
2764,1,1
2765,1,1
2766,1,1
2767,1,1
2768,1,1
2769,1,1
2770,1,1
2771,1,1
2772,1,1
2773,1,1
2774,1,1
2775,1,1
2776,1,1
2777,1,1
2778,1,1
2779,1,1
2780,1,1
2781,1,1
2782,1,1
2783,1,1
2784,1,1
2785,1,1
2786,1,1
2787,1,1
2788,1,1
2789,1,1
2790,1,1
2791,1,7
2792,1,1
2793,1,1
2794,1,1
2795,1,1
2796,1,1
2797,1,7
2798,1,1
2799,1,7
2800,1,1
2801,1,1
2802,1,1
2803,1,7
2804,1,1
2805,1,1
2806,1,1
2807,1,1
2808,1,1
2809,1,1
2810,1,1
2811,1,1
2812,1,5
2813,1,1
2814,1,1
2815,1,1
2816,1,1
2817,1,1
2818,1,1
2819,1,1
2820,1,1
2821,1,1
2822,1,7
2823,1,1
2824,1,1
2825,1,1
2826,1,1
2827,1,1
2828,1,1
2829,1,1
2830,1,1
2831,1,1
2832,1,1
2833,1,1
2834,1,1
2835,1,1
2836,1,1
2837,1,1
2838,1,1
2839,1,1
2840,1,1
2841,1,1
2842,1,1
2843,1,1
2844,1,1
2845,1,1
2846,1,1
2847,1,1
2848,1,1
2849,1,1
2850,1,1
2851,1,1
2852,1,1
2853,1,1
2854,1,1
2855,1,1
2856,1,1
2857,1,1
2858,1,1
2859,1,1
2860,1,1
2861,1,1
2862,1,1
2863,1,1
2864,1,1
2865,1,6
2866,1,1
2867,1,1
2868,1,1
2869,1,7
2870,1,1
2871,1,7
2872,1,1
2873,1,1
2874,1,1
2875,1,1
2876,1,1
2877,1,1
2878,1,1
2879,1,1
2880,1,1
2881,1,1
2882,1,1
2883,1,1
2884,1,1
2885,1,1
2886,1,1
2887,1,1
2888,1,1
2889,1,1
2890,1,1
2891,1,1
2892,1,1
2893,1,1
2894,1,1
2895,1,1
2896,1,1
2897,1,1
2898,1,1
2899,1,1
2900,1,1
2901,1,1
2902,1,1
2903,1,1
2904,1,1
2905,1,1
2906,1,1
2907,1,1
2908,1,1
2909,1,1
2910,1,1
2911,1,1
2912,1,1
2913,1,1
2914,1,1
2915,1,1
2916,1,1
2917,1,1
2918,1,1
2919,1,1
2920,1,1
2921,1,1
2922,1,1
2923,1,1
2924,1,1
2925,1,1
2926,1,1
2927,1,1
2928,1,1
2929,1,6
2930,1,1
2931,1,1
2932,1,1
2933,1,6
2934,1,1
2935,1,1
2936,1,1
2937,1,1
2938,1,1
2939,1,1
2940,1,1
2941,1,1
2942,1,1
2943,1,1
2944,1,1
2945,1,1
2946,1,1
2947,1,1
2948,1,1
2949,1,1
2950,1,1
2951,1,1
2952,1,1
2953,1,1
2954,1,1
2955,1,1
2956,1,1
2957,1,1
2958,1,7
2959,1,1
2960,1,1
2961,1,1
2962,1,1
2963,1,1
2964,1,1
2965,1,1
2966,1,1
2967,1,1
2968,1,1
2969,1,1
2970,0,1
2971,1,1
2972,1,1
2973,1,1
2974,1,1
2975,1,6
2976,1,1
2977,1,1
2978,1,1
2979,1,1
2980,1,1
2981,1,1
2982,1,1
2983,1,1
2984,1,1
2985,1,1
2986,1,1
2987,1,1
2988,1,1
2989,1,1
2990,1,1
2991,1,1
2992,0,0
2993,1,1
2994,1,1
2995,1,1
2996,1,1
2997,1,1
2998,1,1
2999,1,1
3000,1,1
3001,1,2
3002,1,2
3003,1,2
3004,1,2
3005,1,2
3006,1,2
3007,1,2
3008,1,2
3009,1,2
3010,1,2
3011,1,2
3012,1,2
3013,1,2
3014,1,2
3015,1,2
3016,1,2
3017,1,2
3018,1,2
3019,1,2
3020,1,2
3021,1,2
3022,1,2
3023,1,2
3024,1,3
3025,1,2
3026,1,2
3027,1,2
3028,1,2
3029,1,2
3030,1,2
3031,1,2
3032,1,2
3033,1,2
3034,1,2
3035,1,2
3036,1,2
3037,1,2
3038,1,2
3039,1,2
3040,1,2
3041,1,2
3042,1,2
3043,1,2
3044,1,2
3045,1,2
3046,1,2
3047,1,2
3048,1,2
3049,1,2
3050,1,2
3051,1,2
3052,1,2
3053,1,2
3054,1,2
3055,1,2
3056,1,2
3057,1,2
3058,1,2
3059,1,2
3060,1,2
3061,1,2
3062,1,2
3063,1,2
3064,1,2
3065,1,2
3066,1,2
3067,1,2
3068,1,2
3069,1,2
3070,1,2
3071,1,2
3072,1,2
3073,1,2
3074,1,2
3075,1,2
3076,1,2
3077,1,2
3078,1,2
3079,1,2
3080,1,8
3081,1,2
3082,1,2
3083,1,2
3084,1,2
3085,1,2
3086,1,2
3087,1,2
3088,1,2
3089,1,0
3090,1,2
3091,1,2
3092,1,2
3093,1,2
3094,1,2
3095,1,4
3096,1,2
3097,1,2
3098,1,2
3099,1,2
3100,1,2
3101,1,2
3102,1,2
3103,1,2
3104,1,2
3105,1,2
3106,1,2
3107,1,2
3108,1,2
3109,1,2
3110,1,2
3111,1,2
3112,1,2
3113,1,2
3114,1,2
3115,1,2
3116,1,2
3117,1,2
3118,1,2
3119,1,2
3120,1,2
3121,1,2
3122,1,2
3123,1,2
3124,1,2
3125,1,2
3126,1,2
3127,1,2
3128,1,2
3129,1,2
3130,1,2
3131,1,2
3132,1,2
3133,1,2
3134,1,2
3135,1,2
3136,1,2
3137,1,2
3138,1,2
3139,1,2
3140,1,2
3141,1,2
3142,1,2
3143,1,2
3144,1,2
3145,1,2
3146,1,2
3147,1,2
3148,1,2
3149,1,2
3150,1,2
3151,1,2
3152,1,2
3153,1,2
3154,1,2
3155,1,2
3156,1,2
3157,1,2
3158,1,2
3159,1,2
3160,1,2
3161,1,2
3162,1,2
3163,1,2
3164,1,2
3165,1,2
3166,1,2
3167,1,2
3168,1,2
3169,1,2
3170,1,2
3171,1,2
3172,1,2
3173,1,2
3174,1,2
3175,1,2
3176,1,2
3177,1,2
3178,1,2
3179,1,2
3180,1,2
3181,1,2
3182,1,2
3183,1,2
3184,1,2
3185,1,2
3186,1,2
3187,1,2
3188,1,2
3189,1,2
3190,1,2
3191,1,2
3192,1,2
3193,1,4
3194,1,2
3195,1,2
3196,1,2
3197,1,2
3198,1,2
3199,1,2
3200,1,2
3201,1,2
3202,1,2
3203,1,2
3204,1,2
3205,1,2
3206,1,2
3207,1,2
3208,1,2
3209,1,2
3210,1,2
3211,1,2
3212,1,2
3213,1,2
3214,1,2
3215,1,2
3216,1,2
3217,1,2
3218,1,2
3219,1,2
3220,1,2
3221,1,2
3222,1,2
3223,1,2
3224,1,2
3225,1,2
3226,1,2
3227,1,2
3228,1,2
3229,1,2
3230,1,3
3231,1,2
3232,1,2
3233,1,2
3234,1,2
3235,1,2
3236,1,2
3237,1,2
3238,1,2
3239,1,2
3240,1,2
3241,1,2
3242,1,4
3243,1,2
3244,1,2
3245,1,2
3246,1,2
3247,1,2
3248,1,2
3249,1,2
3250,1,4
3251,1,3
3252,1,3
3253,1,3
3254,1,3
3255,1,4
3256,1,3
3257,1,3
3258,1,3
3259,1,3
3260,1,3
3261,1,4
3262,1,3
3263,1,3
3264,1,3
3265,1,3
3266,1,3
3267,1,3
3268,1,3
3269,1,3
3270,1,4
3271,1,4
3272,1,3
3273,1,3
3274,1,3
3275,1,4
3276,1,3
3277,1,3
3278,1,3
3279,1,3
3280,1,3
3281,1,3
3282,1,3
3283,1,4
3284,1,3
3285,1,3
3286,1,3
3287,1,3
3288,1,3
3289,1,3
3290,1,3
3291,1,3
3292,1,3
3293,1,4
3294,1,3
3295,1,3
3296,1,3
3297,1,3
3298,1,3
3299,1,3
3300,1,4
3301,1,3
3302,1,3
3303,1,3
3304,1,3
3305,1,3
3306,1,3
3307,1,3
3308,1,3
3309,1,3
3310,1,3
3311,1,3
3312,1,3
3313,1,3
3314,1,3
3315,1,4
3316,1,4
3317,1,3
3318,1,3
3319,1,3
3320,1,3
3321,1,3
3322,1,4
3323,1,3
3324,1,3
3325,1,3
3326,1,3
3327,1,3
3328,1,3
3329,1,3
3330,1,3
3331,1,3
3332,1,3
3333,1,3
3334,1,3
3335,1,3
3336,1,3
3337,1,3
3338,1,3
3339,1,3
3340,1,3
3341,1,3
3342,1,3
3343,1,3
3344,1,3
3345,1,3
3346,1,3
3347,1,3
3348,1,3
3349,1,3
3350,1,3
3351,1,3
3352,1,3
3353,1,3
3354,1,3
3355,1,3
3356,1,3
3357,1,3
3358,1,3
3359,1,3
3360,1,3
3361,1,3
3362,1,3
3363,1,3
3364,1,3
3365,1,3
3366,1,3
3367,1,4
3368,1,3
3369,1,3
3370,1,3
3371,1,3
3372,1,3
3373,1,3
3374,1,4
3375,1,3
3376,1,3
3377,1,3
3378,1,3
3379,1,3
3380,1,3
3381,1,3
3382,1,3
3383,1,3
3384,1,3
3385,1,3
3386,1,3
3387,1,3
3388,1,3
3389,1,3
3390,1,3
3391,1,3
3392,1,3
3393,1,3
3394,1,3
3395,1,3
3396,1,3
3397,1,3
3398,1,3
3399,1,3
3400,1,4
3401,1,3
3402,1,3
3403,1,3
3404,1,3
3405,1,3
3406,1,3
3407,1,3
3408,1,3
3409,1,3
3410,1,3
3411,1,3
3412,1,3
3413,1,3
3414,1,3
3415,1,4
3416,1,3
3417,1,3
3418,1,3
3419,1,3
3420,1,4
3421,1,4
3422,1,3
3423,1,3
3424,1,3
3425,1,4
3426,1,3
3427,1,3
3428,1,3
3429,1,3
3430,1,3
3431,1,4
3432,1,3
3433,1,3
3434,1,3
3435,1,3
3436,1,3
3437,1,3
3438,1,3
3439,1,3
3440,1,3
3441,1,3
3442,1,3
3443,1,3
3444,1,3
3445,1,3
3446,1,3
3447,1,3
3448,1,3
3449,1,3
3450,1,3
3451,1,4
3452,1,4
3453,1,4
3454,1,4
3455,1,3
3456,1,3
3457,1,3
3458,1,3
3459,1,3
3460,1,3
3461,1,3
3462,1,4
3463,1,3
3464,1,3
3465,1,3
3466,1,3
3467,1,3
3468,1,3
3469,1,3
3470,1,3
3471,1,3
3472,1,3
3473,1,3
3474,1,3
3475,1,3
3476,1,3
3477,1,3
3478,1,3
3479,1,3
3480,1,3
3481,1,3
3482,1,3
3483,1,3
3484,1,3
3485,1,3
3486,1,3
3487,1,3
3488,1,3
3489,1,3
3490,1,3
3491,1,3
3492,1,3
3493,1,3
3494,1,3
3495,1,3
3496,1,3
3497,1,3
3498,1,3
3499,1,3
3500,1,3
3501,1,4
3502,1,4
3503,1,4
3504,1,4
3505,1,4
3506,1,4
3507,1,4
3508,1,4
3509,1,2
3510,1,4
3511,1,4
3512,1,4
3513,1,4
3514,1,4
3515,1,4
3516,1,4
3517,1,4
3518,1,4
3519,1,4
3520,1,4
3521,1,4
3522,1,4
3523,1,4
3524,1,4
3525,1,4
3526,1,4
3527,1,4
3528,1,4
3529,1,4
3530,1,4
3531,1,4
3532,1,4
3533,1,2
3534,1,3
3535,1,4
3536,1,4
3537,1,4
3538,1,4
3539,1,3
3540,1,4
3541,1,4
3542,1,4
3543,1,4
3544,1,4
3545,1,4
3546,1,4
3547,1,3
3548,1,4
3549,1,4
3550,1,4
3551,1,4
3552,1,4
3553,1,3
3554,1,3
3555,1,4
3556,1,4
3557,1,4
3558,1,4
3559,1,4
3560,1,4
3561,1,4
3562,1,0
3563,1,4
3564,1,4
3565,1,3
3566,1,4
3567,1,4
3568,1,4
3569,1,4
3570,1,3
3571,1,4
3572,1,4
3573,1,4
3574,1,4
3575,1,4
3576,1,4
3577,1,4
3578,1,4
3579,1,4
3580,1,3
3581,1,4
3582,1,4
3583,1,4
3584,1,4
3585,1,4
3586,1,4
3587,1,3
3588,1,4
3589,1,4
3590,1,3
3591,1,4
3592,1,4
3593,1,4
3594,1,4
3595,1,4
3596,1,4
3597,1,4
3598,1,4
3599,1,4
3600,1,4
3601,1,4
3602,1,4
3603,1,4
3604,1,4
3605,1,4
3606,1,4
3607,1,3
3608,1,4
3609,1,4
3610,1,4
3611,1,4
3612,1,4
3613,1,4
3614,1,4
3615,1,4
3616,1,4
3617,1,4
3618,1,4
3619,1,4
3620,1,2
3621,1,4
3622,1,4
3623,1,4
3624,1,4
3625,1,4
3626,1,4
3627,1,4
3628,1,4
3629,1,4
3630,1,4
3631,1,3
3632,1,4
3633,1,4
3634,1,4
3635,1,4
3636,1,3
3637,1,4
3638,1,4
3639,1,4
3640,1,4
3641,1,4
3642,1,4
3643,1,4
3644,1,4
3645,1,4
3646,1,4
3647,1,4
3648,1,4
3649,1,3
3650,1,4
3651,1,4
3652,1,4
3653,1,3
3654,1,4
3655,1,4
3656,1,4
3657,1,4
3658,1,4
3659,1,2
3660,1,3
3661,1,4
3662,1,4
3663,1,4
3664,1,4
3665,1,3
3666,1,4
3667,1,4
3668,1,4
3669,1,4
3670,1,4
3671,1,4
3672,1,4
3673,1,4
3674,1,2
3675,1,4
3676,1,4
3677,1,4
3678,1,4
3679,1,4
3680,1,3
3681,1,4
3682,1,4
3683,1,4
3684,1,4
3685,1,4
3686,1,4
3687,1,4
3688,1,3
3689,1,4
3690,1,4
3691,1,4
3692,1,4
3693,1,4
3694,1,4
3695,1,4
3696,1,4
3697,1,2
3698,1,3
3699,1,4
3700,1,4
3701,1,4
3702,1,4
3703,1,3
3704,1,4
3705,1,4
3706,1,2
3707,1,4
3708,1,4
3709,1,4
3710,1,4
3711,1,4
3712,1,4
3713,1,4
3714,1,3
3715,1,4
3716,1,4
3717,1,4
3718,1,3
3719,1,4
3720,1,4
3721,1,4
3722,1,4
3723,1,4
3724,1,4
3725,1,4
3726,1,4
3727,1,4
3728,1,4
3729,1,4
3730,1,4
3731,1,4
3732,1,4
3733,1,4
3734,1,3
3735,1,4
3736,1,4
3737,1,4
3738,1,4
3739,1,4
3740,1,3
3741,1,4
3742,1,4
3743,1,4
3744,1,4
3745,1,4
3746,1,4
3747,1,4
3748,1,2
3749,1,4
3750,1,4
3751,0,8
3752,0,5
3753,1,5
3754,1,8
3755,1,5
3756,1,5
3757,1,5
3758,1,5
3759,1,5
3760,1,5
3761,1,5
3762,1,5
3763,1,5
3764,1,8
3765,1,5
3766,1,8
3767,1,5
3768,1,5
3769,0,5
3770,1,5
3771,1,5
3772,1,8
3773,1,5
3774,1,5
3775,0,5
3776,1,8
3777,1,5
3778,0,5
3779,1,5
3780,0,5
3781,1,5
3782,0,5
3783,1,8
3784,1,5
3785,1,5
3786,1,5
3787,1,3
3788,1,5
3789,1,5
3790,1,5
3791,1,5
3792,1,8
3793,1,5
3794,0,5
3795,1,5
3796,1,5
3797,1,5
3798,1,5
3799,1,5
3800,1,8
3801,0,8
3802,1,5
3803,1,5
3804,1,5
3805,1,8
3806,1,8
3807,1,8
3808,0,5
3809,1,5
3810,0,5
3811,1,5
3812,1,5
3813,1,3
3814,1,5
3815,1,5
3816,1,5
3817,1,5
3818,1,8
3819,1,3
3820,1,5
3821,1,5
3822,1,8
3823,1,5
3824,1,5
3825,1,7
3826,1,5
3827,1,5
3828,1,5
3829,1,5
3830,0,5
3831,0,5
3832,1,5
3833,0,5
3834,1,5
3835,1,5
3836,1,5
3837,1,5
3838,1,1
3839,1,5
3840,1,8
3841,1,5
3842,1,5
3843,1,8
3844,1,5
3845,1,8
3846,1,5
3847,1,8
3848,1,5
3849,1,5
3850,1,5
3851,1,4
3852,1,5
3853,1,5
3854,1,5
3855,1,8
3856,1,5
3857,1,5
3858,1,5
3859,0,8
3860,1,5
3861,1,8
3862,1,8
3863,1,8
3864,1,5
3865,0,5
3866,1,5
3867,1,5
3868,1,2
3869,1,5
3870,1,7
3871,1,5
3872,1,5
3873,1,3
3874,1,8
3875,1,5
3876,1,5
3877,1,5
3878,1,5
3879,1,5
3880,0,8
3881,1,8
3882,0,5
3883,1,5
3884,1,8
3885,1,5
3886,1,8
3887,1,5
3888,1,5
3889,1,5
3890,1,8
3891,0,5
3892,0,5
3893,1,5
3894,1,5
3895,1,5
3896,1,5
3897,1,5
3898,1,5
3899,1,5
3900,1,8
3901,1,5
3902,1,8
3903,1,8
3904,1,5
3905,0,5
3906,1,5
3907,1,5
3908,1,5
3909,1,5
3910,1,5
3911,1,5
3912,1,5
3913,1,5
3914,1,5
3915,1,5
3916,1,5
3917,1,8
3918,1,5
3919,1,8
3920,1,5
3921,0,8
3922,1,5
3923,1,5
3924,1,5
3925,1,5
3926,1,5
3927,1,5
3928,1,5
3929,1,8
3930,1,5
3931,1,5
3932,1,5
3933,1,8
3934,1,5
3935,0,5
3936,1,5
3937,1,5
3938,1,5
3939,1,5
3940,1,5
3941,1,5
3942,1,8
3943,1,5
3944,1,5
3945,1,5
3946,1,8
3947,1,5
3948,1,8
3949,1,5
3950,1,5
3951,1,5
3952,1,5
3953,1,5
3954,1,5
3955,1,8
3956,0,4
3957,1,5
3958,1,5
3959,1,5
3960,1,5
3961,0,8
3962,1,8
3963,1,5
3964,1,5
3965,1,5
3966,1,5
3967,1,7
3968,1,5
3969,0,5
3970,1,8
3971,1,3
3972,1,5
3973,1,5
3974,1,5
3975,1,3
3976,1,5
3977,0,4
3978,1,3
3979,1,5
3980,1,5
3981,1,5
3982,1,5
3983,1,8
3984,1,8
3985,1,5
3986,1,5
3987,1,8
3988,1,5
3989,1,5
3990,1,5
3991,1,5
3992,1,5
3993,1,5
3994,1,8
3995,0,5
3996,1,2
3997,1,5
3998,1,5
3999,1,5
4000,1,5
4001,1,6
4002,1,6
4003,1,6
4004,1,6
4005,1,6
4006,1,6
4007,1,6
4008,1,6
4009,1,1
4010,1,6
4011,1,1
4012,1,6
4013,1,6
4014,1,6
4015,1,6
4016,1,1
4017,1,6
4018,1,6
4019,1,6
4020,1,1
4021,1,6
4022,1,6
4023,1,6
4024,1,6
4025,1,6
4026,1,6
4027,1,6
4028,0,6
4029,1,6
4030,1,6
4031,1,6
4032,1,6
4033,1,6
4034,1,6
4035,1,6
4036,1,6
4037,1,1
4038,0,6
4039,1,1
4040,1,6
4041,1,6
4042,1,6
4043,1,6
4044,1,6
4045,1,6
4046,1,6
4047,1,6
4048,1,6
4049,1,6
4050,1,6
4051,1,1
4052,1,6
4053,1,6
4054,1,6
4055,1,6
4056,1,1
4057,0,6
4058,1,6
4059,1,6
4060,1,6
4061,1,6
4062,1,6
4063,1,5
4064,1,1
4065,1,6
4066,1,6
4067,1,1
4068,1,6
4069,1,6
4070,1,6
4071,1,6
4072,1,6
4073,1,6
4074,1,0
4075,1,6
4076,1,0
4077,1,6
4078,1,6
4079,1,6
4080,1,6
4081,1,0
4082,1,0
4083,1,6
4084,1,6
4085,1,6
4086,1,6
4087,1,6
4088,1,1
4089,1,6
4090,1,6
4091,1,1
4092,1,1
4093,1,6
4094,1,6
4095,1,1
4096,1,6
4097,1,6
4098,1,6
4099,1,6
4100,1,6
4101,1,6
4102,1,6
4103,1,6
4104,1,6
4105,1,6
4106,1,6
4107,1,1
4108,1,6
4109,1,6
4110,1,6
4111,1,6
4112,1,6
4113,1,6
4114,1,6
4115,1,1
4116,1,6
4117,1,6
4118,1,6
4119,1,6
4120,1,6
4121,1,6
4122,1,6
4123,1,6
4124,1,6
4125,1,6
4126,1,6
4127,1,6
4128,1,6
4129,1,6
4130,1,6
4131,1,6
4132,1,6
4133,1,6
4134,1,6
4135,1,6
4136,1,6
4137,1,1
4138,1,6
4139,1,6
4140,1,6
4141,1,6
4142,1,6
4143,1,6
4144,1,6
4145,0,1
4146,1,0
4147,1,1
4148,1,6
4149,1,6
4150,1,6
4151,1,6
4152,1,6
4153,1,6
4154,1,6
4155,1,1
4156,1,6
4157,1,6
4158,1,6
4159,1,6
4160,1,6
4161,1,6
4162,1,6
4163,1,6
4164,1,6
4165,1,1
4166,1,5
4167,1,6
4168,1,6
4169,0,6
4170,1,0
4171,1,1
4172,1,1
4173,1,6
4174,1,6
4175,1,6
4176,1,6
4177,1,6
4178,1,6
4179,1,6
4180,1,6
4181,1,6
4182,1,6
4183,1,1
4184,1,6
4185,1,6
4186,1,6
4187,1,6
4188,1,6
4189,1,6
4190,1,6
4191,2,0
4192,1,6
4193,1,1
4194,1,6
4195,1,6
4196,1,6
4197,1,6
4198,1,6
4199,1,6
4200,1,6
4201,1,6
4202,1,1
4203,1,1
4204,1,6
4205,1,6
4206,1,6
4207,1,6
4208,1,6
4209,1,6
4210,1,6
4211,1,6
4212,1,6
4213,1,6
4214,1,6
4215,1,6
4216,1,6
4217,1,6
4218,1,6
4219,1,6
4220,1,1
4221,1,6
4222,1,6
4223,1,6
4224,1,6
4225,1,6
4226,1,6
4227,1,6
4228,1,6
4229,1,6
4230,1,6
4231,1,6
4232,1,1
4233,1,6
4234,1,6
4235,1,6
4236,1,6
4237,1,6
4238,1,6
4239,1,5
4240,1,6
4241,1,6
4242,1,6
4243,1,1
4244,1,6
4245,1,5
4246,1,6
4247,1,6
4248,1,1
4249,1,1
4250,1,6
4251,1,7
4252,1,7
4253,1,1
4254,1,7
4255,1,7
4256,1,7
4257,1,7
4258,1,7
4259,1,7
4260,1,7
4261,1,7
4262,1,7
4263,1,7
4264,1,7
4265,1,7
4266,1,7
4267,1,7
4268,1,7
4269,1,7
4270,1,1
4271,1,7
4272,1,7
4273,1,7
4274,1,7
4275,1,7
4276,1,7
4277,1,7
4278,1,1
4279,1,7
4280,1,7
4281,1,7
4282,1,7
4283,1,7
4284,1,7
4285,1,7
4286,1,7
4287,1,7
4288,1,7
4289,1,7
4290,1,1
4291,1,7
4292,1,7
4293,1,7
4294,1,7
4295,1,7
4296,1,7
4297,1,7
4298,1,7
4299,1,7
4300,1,7
4301,1,7
4302,1,7
4303,1,7
4304,1,7
4305,1,7
4306,1,7
4307,1,7
4308,1,7
4309,1,7
4310,1,7
4311,1,7
4312,1,7
4313,1,7
4314,1,1
4315,1,7
4316,1,7
4317,1,7
4318,1,7
4319,1,7
4320,1,7
4321,1,7
4322,1,7
4323,1,7
4324,1,7
4325,1,7
4326,1,7
4327,1,7
4328,1,7
4329,1,7
4330,0,7
4331,1,7
4332,1,1
4333,1,7
4334,1,7
4335,1,7
4336,1,7
4337,1,7
4338,1,7
4339,1,7
4340,1,7
4341,1,7
4342,1,7
4343,1,7
4344,1,7
4345,1,7
4346,1,7
4347,1,7
4348,1,7
4349,1,7
4350,1,7
4351,1,7
4352,1,7
4353,1,7
4354,1,7
4355,1,7
4356,1,7
4357,1,7
4358,1,7
4359,1,7
4360,1,7
4361,1,7
4362,1,7
4363,1,7
4364,1,7
4365,1,7
4366,1,7
4367,1,7
4368,1,7
4369,1,7
4370,1,7
4371,1,1
4372,1,7
4373,1,7
4374,1,7
4375,1,7
4376,1,1
4377,1,7
4378,1,7
4379,1,7
4380,1,7
4381,1,7
4382,1,7
4383,1,7
4384,1,7
4385,1,7
4386,1,7
4387,1,7
4388,1,7
4389,1,7
4390,1,7
4391,1,7
4392,1,7
4393,1,7
4394,1,7
4395,1,7
4396,1,7
4397,1,7
4398,1,7
4399,1,7
4400,1,1
4401,1,7
4402,1,7
4403,1,7
4404,1,7
4405,1,7
4406,1,7
4407,1,7
4408,1,7
4409,1,7
4410,1,1
4411,1,7
4412,1,7
4413,1,7
4414,1,7
4415,1,7
4416,1,7
4417,1,7
4418,1,7
4419,1,7
4420,1,7
4421,1,7
4422,1,7
4423,1,7
4424,1,7
4425,1,7
4426,1,7
4427,1,7
4428,1,7
4429,1,7
4430,1,7
4431,1,7
4432,1,7
4433,1,7
4434,1,7
4435,1,7
4436,1,7
4437,1,7
4438,1,7
4439,1,1
4440,1,7
4441,1,7
4442,1,7
4443,1,7
4444,1,7
4445,1,7
4446,1,1
4447,1,7
4448,1,7
4449,1,7
4450,1,7
4451,1,7
4452,1,7
4453,1,7
4454,1,7
4455,1,7
4456,1,7
4457,1,7
4458,1,7
4459,1,7
4460,1,7
4461,1,7
4462,1,7
4463,1,7
4464,1,7
4465,1,7
4466,1,7
4467,1,7
4468,1,7
4469,1,7
4470,1,7
4471,1,1
4472,1,7
4473,1,7
4474,1,7
4475,1,7
4476,1,7
4477,1,7
4478,1,7
4479,1,7
4480,1,7
4481,1,7
4482,1,1
4483,1,7
4484,1,7
4485,1,7
4486,1,7
4487,1,7
4488,1,7
4489,1,7
4490,1,7
4491,1,7
4492,1,7
4493,1,7
4494,1,7
4495,1,7
4496,1,7
4497,1,7
4498,1,7
4499,1,7
4500,1,7
4501,1,8
4502,1,8
4503,1,8
4504,1,8
4505,1,8
4506,1,8
4507,1,8
4508,1,8
4509,1,8
4510,1,8
4511,1,8
4512,1,8
4513,1,8
4514,1,8
4515,1,8
4516,1,8
4517,1,8
4518,1,8
4519,1,8
4520,1,8
4521,1,8
4522,1,8
4523,1,8
4524,1,8
4525,1,8
4526,1,8
4527,1,8
4528,1,8
4529,1,8
4530,1,8
4531,1,8
4532,1,8
4533,1,8
4534,1,8
4535,1,8
4536,1,8
4537,1,8
4538,1,8
4539,1,8
4540,1,8
4541,1,8
4542,1,8
4543,1,8
4544,1,8
4545,1,8
4546,1,8
4547,1,5
4548,1,8
4549,1,8
4550,1,8
4551,1,5
4552,1,8
4553,1,8
4554,1,8
4555,1,8
4556,1,8
4557,1,8
4558,1,8
4559,1,8
4560,1,8
4561,1,8
4562,1,8
4563,1,8
4564,1,8
4565,1,8
4566,1,5
4567,1,8
4568,1,8
4569,1,8
4570,1,8
4571,1,8
4572,1,8
4573,1,8
4574,1,8
4575,1,8
4576,1,8
4577,1,8
4578,1,8
4579,1,8
4580,1,8
4581,1,8
4582,1,8
4583,1,8
4584,1,8
4585,1,8
4586,1,8
4587,1,8
4588,1,8
4589,1,8
4590,1,8
4591,1,5
4592,1,8
4593,1,8
4594,1,8
4595,1,8
4596,1,8
4597,1,8
4598,1,8
4599,1,8
4600,1,8
4601,1,8
4602,1,8
4603,1,8
4604,1,8
4605,1,8
4606,1,8
4607,1,8
4608,1,8
4609,1,8
4610,1,8
4611,1,8
4612,1,8
4613,1,8
4614,1,8
4615,1,8
4616,1,8
4617,1,8
4618,1,8
4619,1,8
4620,1,8
4621,1,8
4622,1,8
4623,1,8
4624,1,8
4625,1,8
4626,1,8
4627,1,8
4628,1,8
4629,1,8
4630,1,8
4631,1,8
4632,1,8
4633,1,5
4634,1,8
4635,1,8
4636,1,8
4637,1,8
4638,1,8
4639,1,8
4640,1,8
4641,1,8
4642,1,8
4643,1,8
4644,1,8
4645,1,8
4646,1,8
4647,1,8
4648,1,8
4649,1,8
4650,1,2
4651,1,8
4652,1,8
4653,1,8
4654,1,8
4655,1,8
4656,1,8
4657,1,8
4658,1,8
4659,1,8
4660,1,8
4661,1,8
4662,1,8
4663,1,8
4664,1,8
4665,1,8
4666,1,8
4667,1,8
4668,1,8
4669,1,8
4670,1,8
4671,1,8
4672,1,8
4673,1,8
4674,1,8
4675,1,8
4676,1,8
4677,1,8
4678,1,8
4679,1,8
4680,1,8
4681,1,8
4682,1,8
4683,1,8
4684,1,8
4685,1,8
4686,1,8
4687,1,8
4688,1,8
4689,1,8
4690,1,8
4691,1,8
4692,1,8
4693,1,8
4694,1,8
4695,1,8
4696,1,2
4697,1,8
4698,1,8
4699,1,8
4700,1,8
4701,1,8
4702,1,8
4703,1,8
4704,1,8
4705,1,8
4706,1,8
4707,1,8
4708,1,8
4709,1,8
4710,1,8
4711,1,8
4712,1,8
4713,1,8
4714,1,8
4715,1,8
4716,1,8
4717,1,8
4718,1,8
4719,1,8
4720,1,8
4721,1,8
4722,1,8
4723,1,8
4724,1,8
4725,1,8
4726,1,8
4727,1,8
4728,1,8
4729,1,8
4730,1,8
4731,1,8
4732,1,8
4733,1,8
4734,1,8
4735,1,8
4736,1,8
4737,1,8
4738,1,8
4739,1,8
4740,1,8
4741,1,8
4742,1,8
4743,1,3
4744,1,8
4745,1,8
4746,1,8
4747,1,8
4748,1,8
4749,1,8
4750,1,8
4751,1,9
4752,1,9
4753,1,9
4754,1,9
4755,1,9
4756,1,9
4757,1,9
4758,1,9
4759,1,9
4760,1,9
4761,1,9
4762,1,9
4763,1,9
4764,1,9
4765,1,9
4766,1,9
4767,1,9
4768,1,9
4769,1,9
4770,1,9
4771,1,9
4772,1,9
4773,1,9
4774,1,9
4775,1,9
4776,1,9
4777,1,9
4778,1,9
4779,1,9
4780,1,9
4781,1,9
4782,1,9
4783,1,9
4784,1,9
4785,1,9
4786,1,9
4787,0,9
4788,1,9
4789,1,9
4790,1,9
4791,1,9
4792,1,9
4793,1,9
4794,1,9
4795,1,9
4796,1,9
4797,1,9
4798,1,9
4799,1,9
4800,1,9
4801,1,9
4802,1,9
4803,1,9
4804,1,9
4805,1,9
4806,1,9
4807,1,9
4808,1,9
4809,1,9
4810,1,9
4811,1,9
4812,1,9
4813,1,9
4814,1,9
4815,1,9
4816,1,9
4817,1,9
4818,1,9
4819,1,9
4820,1,9
4821,1,9
4822,1,9
4823,1,9
4824,1,9
4825,1,9
4826,1,9
4827,1,9
4828,1,9
4829,1,9
4830,1,9
4831,1,9
4832,1,9
4833,1,9
4834,1,9
4835,1,9
4836,1,9
4837,1,9
4838,1,9
4839,1,9
4840,1,9
4841,1,9
4842,1,9
4843,1,9
4844,1,9
4845,1,9
4846,1,9
4847,1,9
4848,1,9
4849,1,9
4850,1,9
4851,1,9
4852,1,9
4853,1,9
4854,1,9
4855,1,9
4856,1,9
4857,1,9
4858,1,9
4859,1,9
4860,1,9
4861,1,9
4862,1,9
4863,1,9
4864,1,9
4865,1,9
4866,1,9
4867,1,9
4868,1,9
4869,1,9
4870,1,9
4871,1,9
4872,1,9
4873,1,9
4874,1,9
4875,1,9
4876,1,9
4877,1,9
4878,1,9
4879,1,9
4880,1,9
4881,1,9
4882,1,9
4883,1,9
4884,1,9
4885,1,9
4886,1,9
4887,1,9
4888,1,9
4889,1,9
4890,1,9
4891,1,9
4892,1,9
4893,1,9
4894,1,9
4895,1,9
4896,1,9
4897,1,9
4898,1,9
4899,1,9
4900,1,9
4901,1,9
4902,1,9
4903,1,9
4904,1,9
4905,1,9
4906,1,9
4907,1,9
4908,1,9
4909,1,9
4910,1,9
4911,1,9
4912,1,9
4913,1,9
4914,1,9
4915,1,9
4916,1,9
4917,1,9
4918,1,9
4919,1,9
4920,1,9
4921,1,9
4922,1,9
4923,1,9
4924,1,9
4925,1,9
4926,1,9
4927,1,9
4928,1,9
4929,1,9
4930,1,9
4931,1,9
4932,1,9
4933,1,9
4934,1,9
4935,1,9
4936,1,9
4937,1,8
4938,1,9
4939,1,9
4940,1,9
4941,1,9
4942,1,9
4943,1,9
4944,1,9
4945,1,9
4946,1,9
4947,0,9
4948,1,9
4949,1,9
4950,1,9
4951,1,9
4952,1,9
4953,1,9
4954,1,9
4955,1,9
4956,1,9
4957,1,9
4958,1,9
4959,1,9
4960,1,9
4961,1,9
4962,1,9
4963,1,9
4964,1,9
4965,1,9
4966,1,9
4967,1,9
4968,1,9
4969,1,9
4970,1,9
4971,1,9
4972,1,9
4973,1,9
4974,1,9
4975,1,9
4976,1,9
4977,1,9
4978,1,9
4979,1,9
4980,1,9
4981,1,9
4982,1,9
4983,1,9
4984,1,9
4985,1,9
4986,1,9
4987,1,9
4988,1,9
4989,1,9
4990,1,9
4991,1,9
4992,1,9
4993,1,9
4994,1,9
4995,1,9
4996,1,9
4997,1,9
4998,1,9
4999,1,9
5000,1,9
5001,1,8
5002,0,4
5003,0,7
5004,0,4
5005,0,5
5006,0,5
5007,0,5
5008,2,5
5009,1,8
5010,0,4
5011,0,6
5012,2,0
5013,0,8
5014,0,6
5015,0,0
5016,0,0
5017,0,5
5018,0,6
5019,0,0
5020,0,5
5021,0,0
5022,0,5
5023,0,9
5024,0,4
5025,0,8
5026,0,0
5027,0,5
5028,0,1
5029,0,5
5030,0,3
5031,0,0
5032,0,6
5033,0,1
5034,0,6
5035,0,4
5036,0,5
5037,0,6
5038,0,9
5039,0,6
5040,0,6
5041,0,1
5042,0,6
5043,0,7
5044,0,6
5045,0,9
5046,0,8
5047,0,9
5048,0,7
5049,0,5
5050,0,1
5051,0,0
5052,0,0
5053,0,8
5054,0,7
5055,2,0
5056,0,0
5057,2,9
5058,0,1
5059,2,9
5060,0,0
5061,0,0
5062,0,0
5063,0,0
5064,0,4
5065,0,4
5066,0,9
5067,0,6
5068,0,6
5069,0,6
5070,0,6
5071,0,4
5072,1,5
5073,0,0
5074,0,9
5075,0,9
5076,0,3
5077,2,4
5078,0,5
5079,0,4
5080,1,6
5081,0,7
5082,0,3
5083,0,9
5084,0,5
5085,0,4
5086,0,4
5087,0,3
5088,0,9
5089,0,6
5090,0,8
5091,0,4
5092,0,4
5093,0,8
5094,0,8
5095,0,4
5096,0,4
5097,0,4
5098,0,4
5099,0,4
5100,0,4
5101,0,6
5102,0,4
5103,0,5
5104,0,4
5105,0,4
5106,0,5
5107,0,5
5108,0,4
5109,0,6
5110,0,0
5111,0,5
5112,0,5
5113,0,4
5114,0,0
5115,0,9
5116,0,7
5117,0,0
5118,0,0
5119,0,0
5120,0,0
5121,0,6
5122,0,8
5123,0,5
5124,0,6
5125,0,0
5126,0,0
5127,0,6
5128,0,8
5129,0,1
5130,0,6
5131,0,4
5132,1,8
5133,2,8
5134,0,6
5135,0,5
5136,0,3
5137,0,6
5138,0,5
5139,2,2
5140,0,4
5141,0,5
5142,0,9
5143,0,1
5144,0,5
5145,0,6
5146,0,5
5147,0,9
5148,2,9
5149,0,0
5150,0,0
5151,0,0
5152,0,9
5153,0,6
5154,0,4
5155,0,0
5156,2,2
5157,0,0
5158,0,3
5159,0,9
5160,0,9
5161,0,0
5162,0,0
5163,0,0
5164,0,0
5165,0,0
5166,0,0
5167,0,5
5168,0,8
5169,0,7
5170,1,3
5171,0,5
5172,0,9
5173,0,7
5174,0,3
5175,2,0
5176,0,1
5177,0,4
5178,0,4
5179,0,9
5180,0,6
5181,0,6
5182,0,9
5183,0,4
5184,0,0
5185,2,5
5186,0,6
5187,0,0
5188,2,9
5189,2,4
5190,0,6
5191,0,8
5192,0,7
5193,0,1
5194,0,4
5195,0,6
5196,0,9
5197,0,3
5198,0,8
5199,0,5
5200,0,0
5201,0,4
5202,0,8
5203,0,4
5204,0,9
5205,0,8
5206,0,0
5207,0,1
5208,0,6
5209,0,1
5210,0,5
5211,0,9
5212,0,0
5213,0,0
5214,0,0
5215,0,6
5216,0,8
5217,0,0
5218,0,9
5219,0,9
5220,1,0
5221,0,5
5222,0,3
5223,0,9
5224,0,4
5225,0,0
5226,0,4
5227,0,9
5228,0,6
5229,0,8
5230,0,0
5231,0,0
5232,0,0
5233,0,9
5234,0,5
5235,0,0
5236,0,4
5237,0,4
5238,0,0
5239,0,9
5240,0,4
5241,0,0
5242,0,0
5243,0,9
5244,0,4
5245,0,6
5246,0,4
5247,0,0
5248,0,4
5249,0,4
5250,0,0
5251,2,0
5252,0,6
5253,0,9
5254,0,6
5255,0,6
5256,0,5
5257,0,4
5258,0,6
5259,0,1
5260,0,4
5261,1,7
5262,0,4
5263,0,3
5264,0,4
5265,0,4
5266,0,5
5267,0,1
5268,0,4
5269,0,6
5270,0,8
5271,0,4
5272,0,7
5273,0,6
5274,0,1
5275,0,0
5276,0,8
5277,0,6
5278,0,6
5279,0,1
5280,0,6
5281,0,6
5282,0,6
5283,2,7
5284,0,4
5285,0,4
5286,0,9
5287,0,9
5288,0,4
5289,0,6
5290,0,6
5291,1,1
5292,0,4
5293,1,0
5294,0,6
5295,0,8
5296,0,9
5297,0,6
5298,0,3
5299,0,5
5300,0,8
5301,0,4
5302,0,4
5303,0,7
5304,2,5
5305,2,7
5306,0,5
5307,2,0
5308,0,9
5309,2,0
5310,0,6
5311,0,6
5312,0,4
5313,0,0
5314,0,9
5315,0,6
5316,0,9
5317,2,0
5318,0,1
5319,0,0
5320,0,6
5321,0,6
5322,0,0
5323,0,6
5324,0,6
5325,0,8
5326,0,8
5327,0,6
5328,2,8
5329,0,8
5330,0,8
5331,0,6
5332,0,5
5333,0,6
5334,0,1
5335,0,6
5336,0,5
5337,0,4
5338,0,6
5339,0,6
5340,2,5
5341,0,5
5342,0,4
5343,0,8
5344,0,6
5345,2,6
5346,0,7
5347,2,3
5348,0,0
5349,0,5
5350,0,6
5351,0,4
5352,0,3
5353,0,8
5354,0,8
5355,0,4
5356,0,8
5357,0,6
5358,0,6
5359,0,4
5360,0,9
5361,0,5
5362,0,4
5363,0,5
5364,0,8
5365,0,6
5366,0,5
5367,0,5
5368,0,0
5369,0,9
5370,0,8
5371,0,9
5372,0,8
5373,0,4
5374,0,0
5375,0,8
5376,0,4
5377,0,5
5378,0,4
5379,0,7
5380,0,6
5381,0,0
5382,0,6
5383,0,4
5384,0,6
5385,0,6
5386,0,6
5387,0,9
5388,0,6
5389,0,5
5390,0,4
5391,0,4
5392,0,4
5393,0,4
5394,0,4
5395,0,5
5396,0,4
5397,2,7
5398,0,6
5399,0,9
5400,0,4
5401,0,9
5402,0,4
5403,0,4
5404,0,0
5405,0,0
5406,0,0
5407,0,0
5408,0,9
5409,2,2
5410,0,2
5411,0,9
5412,0,6
5413,0,9
5414,0,2
5415,0,7
5416,0,7
5417,0,6
5418,0,7
5419,0,0
5420,2,5
5421,0,9
5422,0,5
5423,0,3
5424,0,6
5425,0,7
5426,0,5
5427,0,5
5428,0,9
5429,0,5
5430,0,5
5431,0,6
5432,0,6
5433,1,6
5434,0,9
5435,0,6
5436,0,6
5437,0,0
5438,0,5
5439,0,0
5440,0,5
5441,0,4
5442,1,9
5443,0,5
5444,0,4
5445,0,0
5446,0,9
5447,0,5
5448,0,0
5449,0,6
5450,0,6
5451,0,4
5452,0,5
5453,0,6
5454,0,4
5455,0,0
5456,0,9
5457,0,6
5458,0,9
5459,0,4
5460,0,9
5461,0,5
5462,0,6
5463,0,6
5464,0,9
5465,0,4
5466,0,6
5467,0,9
5468,0,9
5469,0,9
5470,0,4
5471,0,4
5472,0,4
5473,2,2
5474,0,4
5475,0,5
5476,0,6
5477,0,5
5478,0,4
5479,0,4
5480,0,8
5481,0,6
5482,0,0
5483,0,9
5484,0,0
5485,0,4
5486,0,9
5487,0,8
5488,0,0
5489,0,0
5490,0,0
5491,0,0
5492,0,5
5493,0,8
5494,0,5
5495,0,4
5496,0,4
5497,0,6
5498,0,4
5499,0,6
5500,0,5
5501,0,7
5502,0,7
5503,0,5
5504,0,8
5505,0,5
5506,0,7
5507,0,6
5508,1,7
5509,0,4
5510,0,7
5511,0,7
5512,0,5
5513,0,7
5514,1,8
5515,0,7
5516,0,4
5517,0,1
5518,0,4
5519,0,5
5520,0,7
5521,0,5
5522,0,1
5523,0,1
5524,0,8
5525,0,1
5526,1,7
5527,0,1
5528,0,8
5529,0,8
5530,0,1
5531,0,5
5532,0,5
5533,0,5
5534,0,1
5535,0,6
5536,0,5
5537,0,3
5538,0,1
5539,0,0
5540,0,6
5541,0,6
5542,2,6
5543,0,5
5544,2,5
5545,0,5
5546,0,1
5547,0,1
5548,0,1
5549,0,1
5550,0,6
5551,0,5
5552,0,1
5553,0,6
5554,0,6
5555,0,5
5556,0,6
5557,0,1
5558,0,6
5559,0,6
5560,0,1
5561,1,1
5562,0,7
5563,1,1
5564,2,7
5565,0,1
5566,0,7
5567,0,1
5568,0,5
5569,0,1
5570,0,7
5571,0,1
5572,1,7
5573,0,6
5574,0,5
5575,0,1
5576,0,7
5577,0,5
5578,0,1
5579,0,1
5580,1,1
5581,0,1
5582,0,6
5583,0,1
5584,0,5
5585,0,1
5586,0,1
5587,0,1
5588,0,8
5589,0,1
5590,0,1
5591,0,5
5592,0,1
5593,0,5
5594,0,5
5595,0,1
5596,0,1
5597,0,6
5598,0,6
5599,0,1
5600,0,7
5601,0,7
5602,0,3
5603,0,6
5604,0,6
5605,0,1
5606,0,1
5607,0,5
5608,2,6
5609,2,1
5610,0,7
5611,0,5
5612,0,6
5613,0,8
5614,0,1
5615,1,7
5616,0,7
5617,1,1
5618,0,6
5619,0,1
5620,0,1
5621,0,6
5622,0,1
5623,0,1
5624,0,6
5625,0,5
5626,0,1
5627,0,1
5628,0,1
5629,0,1
5630,1,1
5631,1,1
5632,0,6
5633,0,5
5634,0,6
5635,0,6
5636,1,5
5637,1,6
5638,0,1
5639,1,1
5640,0,1
5641,0,6
5642,0,5
5643,0,1
5644,0,1
5645,0,1
5646,0,1
5647,0,6
5648,0,1
5649,0,6
5650,0,6
5651,0,1
5652,0,5
5653,0,1
5654,0,5
5655,0,5
5656,0,1
5657,0,6
5658,0,5
5659,0,1
5660,0,1
5661,0,5
5662,0,1
5663,0,6
5664,0,5
5665,2,1
5666,0,1
5667,0,1
5668,0,1
5669,0,1
5670,0,5
5671,0,1
5672,1,5
5673,0,1
5674,1,1
5675,0,6
5676,0,1
5677,0,1
5678,0,1
5679,0,1
5680,0,1
5681,0,1
5682,0,1
5683,0,5
5684,0,1
5685,0,1
5686,0,1
5687,0,1
5688,0,6
5689,1,1
5690,2,6
5691,0,6
5692,0,7
5693,0,5
5694,0,1
5695,0,1
5696,1,6
5697,1,1
5698,0,1
5699,0,1
5700,0,6
5701,0,1
5702,0,1
5703,1,1
5704,0,1
5705,0,5
5706,0,1
5707,0,6
5708,0,6
5709,1,5
5710,0,1
5711,2,6
5712,1,5
5713,0,1
5714,0,1
5715,0,6
5716,0,1
5717,1,7
5718,1,7
5719,0,1
5720,0,1
5721,0,1
5722,0,1
5723,0,1
5724,0,1
5725,0,1
5726,0,1
5727,0,1
5728,0,5
5729,0,1
5730,0,1
5731,0,1
5732,0,7
5733,0,1
5734,0,6
5735,2,5
5736,0,7
5737,0,5
5738,0,1
5739,0,1
5740,0,7
5741,0,7
5742,0,5
5743,0,5
5744,2,7
5745,0,6
5746,0,6
5747,0,4
5748,0,5
5749,0,7
5750,0,5
5751,0,9
5752,0,5
5753,0,1
5754,0,1
5755,2,1
5756,0,1
5757,2,7
5758,0,6
5759,0,6
5760,0,6
5761,0,7
5762,0,1
5763,0,7
5764,1,1
5765,0,5
5766,1,1
5767,1,1
5768,0,1
5769,0,1
5770,0,1
5771,0,8
5772,0,5
5773,0,5
5774,0,7
5775,0,5
5776,0,5
5777,0,6
5778,2,1
5779,0,3
5780,0,1
5781,1,1
5782,0,7
5783,0,1
5784,2,6
5785,0,9
5786,0,0
5787,0,1
5788,0,1
5789,0,7
5790,0,1
5791,0,1
5792,0,1
5793,0,1
5794,0,1
5795,0,1
5796,1,1
5797,0,5
5798,0,1
5799,0,6
5800,0,1
5801,0,1
5802,2,7
5803,0,5
5804,2,7
5805,0,1
5806,0,7
5807,0,1
5808,0,5
5809,0,1
5810,0,6
5811,0,0
5812,0,5
5813,0,1
5814,2,7
5815,0,1
5816,0,1
5817,0,6
5818,0,1
5819,0,1
5820,0,5
5821,0,1
5822,0,1
5823,0,1
5824,0,1
5825,0,1
5826,0,1
5827,0,1
5828,0,6
5829,2,8
5830,0,1
5831,1,6
5832,0,1
5833,0,6
5834,0,5
5835,0,1
5836,0,1
5837,2,5
5838,0,5
5839,0,6
5840,0,1
5841,0,6
5842,0,1
5843,0,1
5844,0,6
5845,0,5
5846,0,1
5847,0,6
5848,0,6
5849,0,6
5850,0,7
5851,0,6
5852,1,1
5853,2,1
5854,0,1
5855,0,8
5856,0,6
5857,0,1
5858,0,6
5859,0,4
5860,1,1
5861,1,1
5862,0,5
5863,0,1
5864,0,1
5865,2,7
5866,0,1
5867,0,5
5868,0,1
5869,0,6
5870,0,1
5871,0,5
5872,0,1
5873,0,1
5874,0,1
5875,0,6
5876,0,1
5877,0,6
5878,0,1
5879,0,1
5880,0,1
5881,0,1
5882,0,1
5883,0,1
5884,0,1
5885,0,1
5886,0,1
5887,0,8
5888,0,6
5889,0,1
5890,0,1
5891,0,1
5892,0,1
5893,0,1
5894,0,1
5895,0,5
5896,0,6
5897,2,1
5898,0,1
5899,0,1
5900,0,7
5901,0,1
5902,0,4
5903,1,6
5904,0,7
5905,0,6
5906,0,1
5907,0,6
5908,0,6
5909,0,7
5910,0,5
5911,2,7
5912,0,1
5913,0,1
5914,0,1
5915,0,1
5916,0,1
5917,0,7
5918,0,5
5919,0,5
5920,0,5
5921,0,5
5922,0,7
5923,0,7
5924,0,5
5925,0,5
5926,0,6
5927,0,1
5928,0,5
5929,0,5
5930,0,6
5931,2,7
5932,1,7
5933,2,0
5934,0,1
5935,0,6
5936,1,1
5937,1,5
5938,0,6
5939,0,5
5940,0,1
5941,0,6
5942,0,6
5943,0,1
5944,0,6
5945,0,5
5946,1,1
5947,0,5
5948,0,5
5949,0,5
5950,0,1
5951,0,4
5952,0,1
5953,0,1
5954,0,7
5955,0,5
5956,0,5
5957,0,5
5958,0,7
5959,2,5
5960,2,7
5961,0,7
5962,0,1
5963,0,1
5964,0,1
5965,0,6
5966,0,1
5967,0,4
5968,2,5
5969,0,1
5970,0,1
5971,0,5
5972,0,6
5973,0,6
5974,0,6
5975,0,1
5976,0,7
5977,2,1
5978,0,1
5979,1,6
5980,0,5
5981,0,7
5982,0,5
5983,2,7
5984,0,9
5985,0,1
5986,0,6
5987,0,9
5988,0,1
5989,0,1
5990,0,1
5991,2,5
5992,0,1
5993,0,1
5994,0,1
5995,0,8
5996,0,5
5997,0,6
5998,0,1
5999,0,1
6000,0,1
6001,0,0
6002,0,0
6003,0,4
6004,0,4
6005,0,4
6006,0,4
6007,0,1
6008,0,4
6009,0,4
6010,2,4
6011,0,6
6012,0,3
6013,0,6
6014,2,5
6015,0,4
6016,2,2
6017,0,5
6018,0,5
6019,0,8
6020,0,2
6021,0,0
6022,0,5
6023,0,5
6024,0,5
6025,1,6
6026,2,8
6027,0,8
6028,0,6
6029,0,4
6030,0,8
6031,0,8
6032,0,4
6033,0,9
6034,0,1
6035,0,6
6036,0,6
6037,0,4
6038,0,5
6039,0,7
6040,0,4
6041,0,9
6042,0,8
6043,0,5
6044,0,4
6045,0,5
6046,0,5
6047,0,6
6048,0,5
6049,0,6
6050,0,9
6051,0,5
6052,0,4
6053,0,9
6054,0,6
6055,0,4
6056,0,5
6057,0,7
6058,0,5
6059,0,3
6060,1,5
6061,1,8
6062,0,4
6063,0,4
6064,0,6
6065,2,2
6066,0,5
6067,0,5
6068,0,6
6069,2,8
6070,2,7
6071,0,8
6072,0,0
6073,1,2
6074,0,5
6075,0,6
6076,0,6
6077,0,4
6078,0,5
6079,0,1
6080,0,6
6081,2,4
6082,0,6
6083,0,5
6084,0,4
6085,0,5
6086,0,6
6087,0,6
6088,0,8
6089,0,6
6090,0,4
6091,0,6
6092,2,5
6093,0,8
6094,0,3
6095,0,9
6096,0,8
6097,2,8
6098,0,5
6099,0,4
6100,0,3
6101,0,5
6102,1,8
6103,0,5
6104,0,5
6105,2,5
6106,0,1
6107,0,4
6108,1,5
6109,1,3
6110,2,2
6111,1,6
6112,2,8
6113,0,8
6114,0,8
6115,0,0
6116,0,8
6117,0,0
6118,0,5
6119,0,5
6120,0,8
6121,0,4
6122,1,3
6123,2,4
6124,0,5
6125,0,4
6126,0,4
6127,0,4
6128,0,1
6129,0,5
6130,0,8
6131,0,5
6132,0,9
6133,0,4
6134,0,8
6135,0,4
6136,0,4
6137,0,3
6138,2,2
6139,0,8
6140,0,6
6141,0,4
6142,0,1
6143,0,8
6144,0,3
6145,0,4
6146,0,1
6147,0,5
6148,0,8
6149,0,5
6150,0,9
6151,0,8
6152,0,5
6153,0,5
6154,2,0
6155,0,4
6156,0,9
6157,0,5
6158,0,6
6159,0,6
6160,2,3
6161,0,2
6162,2,2
6163,0,5
6164,0,8
6165,0,3
6166,0,5
6167,0,6
6168,0,9
6169,0,4
6170,0,9
6171,2,2
6172,0,3
6173,0,9
6174,0,8
6175,0,4
6176,0,4
6177,1,0
6178,0,4
6179,0,5
6180,0,5
6181,1,3
6182,0,7
6183,0,4
6184,0,4
6185,0,6
6186,2,7
6187,0,8
6188,0,8
6189,0,4
6190,0,4
6191,0,8
6192,1,9
6193,2,0
6194,0,5
6195,0,4
6196,0,5
6197,0,5
6198,0,8
6199,0,5
6200,0,5
6201,0,8
6202,0,4
6203,0,4
6204,0,9
6205,0,4
6206,0,3
6207,2,5
6208,0,4
6209,2,8
6210,0,6
6211,0,9
6212,2,5
6213,2,5
6214,0,4
6215,0,6
6216,0,0
6217,0,4
6218,0,2
6219,0,2
6220,0,8
6221,0,5
6222,0,9
6223,0,4
6224,0,0
6225,0,6
6226,0,4
6227,0,4
6228,0,2
6229,1,9
6230,0,4
6231,0,9
6232,0,6
6233,0,3
6234,0,4
6235,0,6
6236,0,4
6237,0,4
6238,0,6
6239,0,6
6240,0,8
6241,0,4
6242,0,6
6243,0,5
6244,1,8
6245,0,0
6246,0,9
6247,0,6
6248,0,8
6249,0,4
6250,0,5
6251,0,8
6252,0,8
6253,0,5
6254,1,9
6255,0,8
6256,0,4
6257,0,5
6258,0,4
6259,0,5
6260,0,5
6261,0,5
6262,0,1
6263,0,3
6264,0,3
6265,0,8
6266,1,5
6267,0,6
6268,0,0
6269,0,0
6270,0,4
6271,0,0
6272,0,0
6273,0,8
6274,2,8
6275,0,1
6276,0,9
6277,0,6
6278,0,8
6279,0,5
6280,0,8
6281,0,9
6282,0,9
6283,0,8
6284,0,5
6285,0,3
6286,0,6
6287,0,4
6288,0,3
6289,2,7
6290,0,0
6291,2,8
6292,1,8
6293,0,8
6294,0,3
6295,0,5
6296,0,6
6297,0,4
6298,0,8
6299,0,8
6300,0,2
6301,0,8
6302,0,5
6303,0,2
6304,2,8
6305,0,3
6306,2,2
6307,0,4
6308,0,5
6309,0,6
6310,0,5
6311,0,5
6312,0,4
6313,0,9
6314,0,5
6315,0,5
6316,1,5
6317,2,8
6318,0,8
6319,1,8
6320,2,7
6321,2,2
6322,0,4
6323,0,4
6324,0,7
6325,0,9
6326,0,6
6327,0,5
6328,0,4
6329,0,6
6330,0,7
6331,0,6
6332,0,6
6333,1,3
6334,2,7
6335,0,6
6336,2,7
6337,0,8
6338,0,8
6339,0,9
6340,2,0
6341,0,8
6342,0,0
6343,0,9
6344,1,4
6345,0,5
6346,1,8
6347,0,0
6348,0,0
6349,0,5
6350,2,2
6351,0,5
6352,0,1
6353,0,4
6354,0,5
6355,0,6
6356,0,6
6357,0,6
6358,0,9
6359,0,8
6360,0,5
6361,2,7
6362,0,8
6363,0,8
6364,1,8
6365,2,8
6366,2,4
6367,0,6
6368,1,9
6369,0,0
6370,0,6
6371,0,8
6372,0,5
6373,0,3
6374,0,7
6375,0,4
6376,0,4
6377,1,0
6378,0,8
6379,0,4
6380,0,5
6381,0,5
6382,0,5
6383,0,9
6384,0,8
6385,0,5
6386,0,0
6387,0,6
6388,2,7
6389,0,4
6390,0,4
6391,0,3
6392,0,4
6393,0,4
6394,0,4
6395,0,4
6396,0,5
6397,2,5
6398,0,5
6399,2,5
6400,0,5
6401,0,0
6402,0,2
6403,0,4
6404,0,8
6405,0,4
6406,0,4
6407,0,5
6408,1,5
6409,0,9
6410,0,8
6411,0,4
6412,0,6
6413,0,2
6414,0,8
6415,0,6
6416,0,6
6417,0,4
6418,0,5
6419,0,4
6420,0,5
6421,0,4
6422,0,4
6423,0,9
6424,0,6
6425,0,0
6426,0,4
6427,0,5
6428,0,4
6429,0,4
6430,0,1
6431,1,4
6432,0,8
6433,0,6
6434,0,4
6435,0,8
6436,0,8
6437,0,9
6438,0,5
6439,2,4
6440,0,5
6441,0,0
6442,0,7
6443,0,5
6444,2,9
6445,0,8
6446,0,8
6447,0,4
6448,0,6
6449,0,0
6450,0,9
6451,0,6
6452,0,6
6453,0,4
6454,0,1
6455,0,4
6456,0,4
6457,0,9
6458,0,4
6459,0,8
6460,1,8
6461,0,6
6462,1,5
6463,0,4
6464,0,7
6465,0,5
6466,0,7
6467,0,5
6468,0,4
6469,0,5
6470,0,6
6471,0,9
6472,0,5
6473,0,8
6474,1,9
6475,0,2
6476,0,5
6477,0,4
6478,0,8
6479,0,4
6480,0,8
6481,0,9
6482,2,8
6483,0,4
6484,0,2
6485,2,4
6486,0,0
6487,0,0
6488,0,8
6489,0,5
6490,0,3
6491,1,2
6492,0,8
6493,0,5
6494,0,8
6495,0,9
6496,0,0
6497,0,6
6498,1,5
6499,0,4
6500,2,7
6501,0,4
6502,0,6
6503,0,6
6504,0,4
6505,0,7
6506,0,1
6507,0,9
6508,0,3
6509,0,5
6510,0,7
6511,0,3
6512,1,3
6513,0,3
6514,0,5
6515,0,3
6516,0,4
6517,0,3
6518,0,4
6519,0,6
6520,0,4
6521,0,6
6522,0,4
6523,0,9
6524,0,7
6525,0,5
6526,0,4
6527,0,4
6528,0,4
6529,0,4
6530,0,4
6531,0,5
6532,0,4
6533,0,3
6534,2,3
6535,0,5
6536,0,5
6537,0,4
6538,0,4
6539,0,3
6540,0,4
6541,0,3
6542,0,4
6543,0,4
6544,0,3
6545,0,4
6546,0,5
6547,0,5
6548,0,5
6549,0,3
6550,0,9
6551,0,3
6552,0,3
6553,0,6
6554,0,6
6555,0,9
6556,0,8
6557,0,6
6558,0,6
6559,0,4
6560,0,5
6561,0,4
6562,0,6
6563,0,3
6564,0,6
6565,0,6
6566,2,3
6567,1,7
6568,0,9
6569,2,7
6570,0,5
6571,0,5
6572,0,4
6573,0,5
6574,0,4
6575,0,4
6576,0,3
6577,0,7
6578,0,3
6579,0,4
6580,0,3
6581,0,3
6582,0,3
6583,0,8
6584,0,5
6585,0,4
6586,0,8
6587,0,5
6588,0,5
6589,0,5
6590,0,5
6591,0,5
6592,0,5
6593,0,5
6594,0,5
6595,0,4
6596,0,3
6597,0,4
6598,0,5
6599,0,5
6600,0,4
6601,0,4
6602,0,5
6603,0,4
6604,0,4
6605,0,5
6606,0,9
6607,0,4
6608,2,1
6609,0,7
6610,0,4
6611,0,5
6612,0,5
6613,0,6
6614,0,5
6615,0,3
6616,0,3
6617,0,4
6618,0,4
6619,0,3
6620,0,4
6621,0,3
6622,0,5
6623,0,5
6624,0,5
6625,0,9
6626,0,8
6627,0,4
6628,2,4
6629,0,4
6630,0,3
6631,0,4
6632,0,4
6633,0,4
6634,0,6
6635,0,5
6636,2,6
6637,0,3
6638,2,7
6639,0,3
6640,0,4
6641,0,5
6642,2,7
6643,0,5
6644,1,5
6645,0,5
6646,0,3
6647,0,6
6648,0,5
6649,0,4
6650,0,9
6651,0,5
6652,0,6
6653,0,5
6654,0,6
6655,0,3
6656,0,4
6657,0,4
6658,0,7
6659,1,7
6660,0,5
6661,0,4
6662,0,5
6663,0,5
6664,0,1
6665,0,5
6666,0,4
6667,0,4
6668,0,4
6669,0,7
6670,0,5
6671,0,5
6672,0,4
6673,0,6
6674,0,4
6675,0,6
6676,0,3
6677,0,4
6678,0,6
6679,0,5
6680,0,4
6681,0,4
6682,0,8
6683,2,1
6684,0,3
6685,0,4
6686,0,6
6687,0,3
6688,0,4
6689,0,4
6690,0,5
6691,0,4
6692,0,4
6693,0,5
6694,0,6
6695,2,3
6696,0,4
6697,0,6
6698,0,7
6699,0,4
6700,0,4
6701,0,4
6702,0,4
6703,0,3
6704,0,3
6705,0,3
6706,0,5
6707,0,4
6708,0,1
6709,0,6
6710,0,6
6711,0,4
6712,0,5
6713,0,3
6714,0,4
6715,0,4
6716,1,5
6717,0,4
6718,0,4
6719,0,5
6720,1,7
6721,0,3
6722,0,3
6723,0,3
6724,0,4
6725,0,4
6726,0,4
6727,0,1
6728,0,4
6729,0,3
6730,0,6
6731,0,5
6732,0,5
6733,0,4
6734,1,5
6735,0,1
6736,0,6
6737,2,5
6738,0,4
6739,0,7
6740,0,3
6741,0,3
6742,2,5
6743,0,4
6744,0,5
6745,0,6
6746,2,3
6747,0,0
6748,0,1
6749,0,5
6750,0,5
6751,0,4
6752,0,5
6753,0,3
6754,0,3
6755,0,6
6756,0,3
6757,0,3
6758,0,3
6759,0,4
6760,0,4
6761,0,4
6762,0,3
6763,0,4
6764,0,8
6765,0,4
6766,0,6
6767,0,7
6768,0,6
6769,0,4
6770,0,4
6771,0,6
6772,0,6
6773,2,5
6774,0,5
6775,0,5
6776,0,5
6777,0,6
6778,0,3
6779,0,4
6780,0,5
6781,0,4
6782,0,5
6783,0,5
6784,0,4
6785,0,4
6786,0,4
6787,0,4
6788,0,4
6789,0,4
6790,0,4
6791,2,3
6792,2,3
6793,0,4
6794,0,4
6795,0,4
6796,0,4
6797,0,4
6798,0,4
6799,0,5
6800,0,5
6801,0,1
6802,0,4
6803,0,5
6804,0,6
6805,1,4
6806,0,1
6807,0,8
6808,0,5
6809,0,5
6810,0,4
6811,0,6
6812,0,4
6813,0,8
6814,0,5
6815,2,6
6816,0,4
6817,0,5
6818,0,4
6819,0,7
6820,0,4
6821,0,5
6822,1,5
6823,0,5
6824,0,4
6825,0,4
6826,0,5
6827,0,5
6828,0,6
6829,0,5
6830,0,4
6831,0,4
6832,0,4
6833,0,3
6834,0,5
6835,2,7
6836,0,4
6837,0,4
6838,0,4
6839,0,6
6840,0,0
6841,0,4
6842,0,6
6843,0,0
6844,0,3
6845,0,4
6846,0,5
6847,0,3
6848,0,4
6849,0,4
6850,0,3
6851,0,1
6852,0,5
6853,0,9
6854,0,3
6855,0,4
6856,0,5
6857,0,4
6858,0,7
6859,0,4
6860,2,7
6861,0,6
6862,0,4
6863,0,9
6864,0,5
6865,0,6
6866,0,6
6867,0,4
6868,0,4
6869,0,9
6870,2,4
6871,2,3
6872,0,3
6873,0,6
6874,0,1
6875,0,4
6876,0,3
6877,0,4
6878,0,1
6879,0,1
6880,0,5
6881,0,3
6882,0,4
6883,0,4
6884,0,7
6885,0,4
6886,0,7
6887,0,8
6888,0,4
6889,2,4
6890,0,2
6891,0,4
6892,0,5
6893,0,3
6894,0,4
6895,0,5
6896,0,5
6897,0,5
6898,0,5
6899,0,5
6900,0,4
6901,0,5
6902,0,3
6903,0,4
6904,0,3
6905,0,5
6906,1,3
6907,0,4
6908,0,4
6909,0,4
6910,0,4
6911,0,7
6912,0,5
6913,0,4
6914,0,4
6915,0,4
6916,0,6
6917,0,4
6918,0,6
6919,0,4
6920,0,3
6921,0,3
6922,0,4
6923,0,4
6924,0,4
6925,2,2
6926,0,8
6927,0,9
6928,0,5
6929,0,4
6930,0,6
6931,0,6
6932,0,7
6933,0,5
6934,0,4
6935,0,5
6936,0,4
6937,0,4
6938,0,6
6939,0,5
6940,0,5
6941,0,4
6942,0,4
6943,0,4
6944,0,4
6945,0,3
6946,0,4
6947,0,5
6948,0,0
6949,2,7
6950,1,7
6951,0,4
6952,0,4
6953,0,4
6954,0,4
6955,0,5
6956,0,7
6957,0,3
6958,0,6
6959,0,5
6960,0,4
6961,0,9
6962,0,4
6963,0,5
6964,0,4
6965,0,4
6966,0,4
6967,0,3
6968,0,4
6969,0,5
6970,0,3
6971,0,1
6972,0,6
6973,0,4
6974,0,4
6975,0,4
6976,0,5
6977,0,7
6978,0,4
6979,0,8
6980,0,3
6981,0,3
6982,0,4
6983,0,4
6984,0,3
6985,0,4
6986,2,2
6987,0,6
6988,0,6
6989,0,4
6990,0,4
6991,0,4
6992,0,4
6993,1,5
6994,1,5
6995,0,6
6996,0,4
6997,0,4
6998,0,5
6999,0,5
7000,0,5
7001,0,8
7002,0,0
7003,0,6
7004,0,4
7005,0,6
7006,0,8
7007,2,8
7008,2,2
7009,0,4
7010,0,4
7011,0,5
7012,0,2
7013,0,3
7014,0,4
7015,0,6
7016,0,3
7017,0,3
7018,0,4
7019,0,5
7020,0,3
7021,0,6
7022,0,9
7023,0,9
7024,0,9
7025,0,5
7026,0,7
7027,0,8
7028,0,5
7029,0,4
7030,0,6
7031,0,4
7032,0,4
7033,0,6
7034,0,4
7035,2,5
7036,0,5
7037,0,4
7038,2,4
7039,0,4
7040,0,4
7041,0,5
7042,0,5
7043,0,5
7044,0,4
7045,2,7
7046,1,7
7047,0,8
7048,0,5
7049,0,4
7050,1,4
7051,0,5
7052,0,4
7053,0,4
7054,0,3
7055,0,6
7056,0,3
7057,0,4
7058,0,4
7059,0,6
7060,0,9
7061,0,5
7062,0,4
7063,1,8
7064,2,4
7065,0,3
7066,0,4
7067,0,4
7068,0,4
7069,0,4
7070,2,4
7071,0,4
7072,0,4
7073,0,4
7074,0,4
7075,0,4
7076,0,3
7077,0,4
7078,0,5
7079,0,4
7080,0,5
7081,0,4
7082,0,5
7083,0,4
7084,0,4
7085,0,5
7086,0,4
7087,0,4
7088,0,3
7089,0,4
7090,0,4
7091,0,4
7092,0,4
7093,0,8
7094,0,5
7095,0,6
7096,1,3
7097,0,4
7098,0,5
7099,0,4
7100,0,3
7101,0,4
7102,0,4
7103,0,7
7104,2,2
7105,0,4
7106,0,5
7107,2,5
7108,0,3
7109,0,8
7110,0,1
7111,0,6
7112,0,4
7113,0,5
7114,0,4
7115,0,0
7116,0,4
7117,0,4
7118,0,4
7119,0,3
7120,0,8
7121,0,4
7122,0,3
7123,0,3
7124,0,4
7125,0,4
7126,0,4
7127,0,4
7128,0,4
7129,0,5
7130,0,4
7131,0,5
7132,0,7
7133,0,9
7134,0,5
7135,0,0
7136,0,4
7137,0,5
7138,0,5
7139,0,4
7140,0,6
7141,0,4
7142,0,7
7143,0,8
7144,0,1
7145,0,4
7146,0,4
7147,0,4
7148,0,4
7149,0,4
7150,0,0
7151,0,4
7152,0,4
7153,0,3
7154,0,4
7155,0,8
7156,2,5
7157,2,9
7158,0,5
7159,0,3
7160,0,0
7161,0,9
7162,0,9
7163,0,5
7164,0,4
7165,2,5
7166,0,6
7167,0,4
7168,0,7
7169,0,8
7170,1,8
7171,0,8
7172,0,5
7173,0,6
7174,0,5
7175,2,3
7176,1,5
7177,2,2
7178,0,6
7179,0,4
7180,0,4
7181,0,3
7182,0,4
7183,0,3
7184,0,7
7185,0,4
7186,0,4
7187,0,6
7188,0,5
7189,0,4
7190,0,8
7191,0,0
7192,1,5
7193,0,7
7194,0,6
7195,0,1
7196,2,8
7197,0,9
7198,0,7
7199,1,5
7200,1,4
7201,1,6
7202,0,9
7203,0,4
7204,0,4
7205,0,8
7206,0,8
7207,1,8
7208,0,8
7209,0,5
7210,0,4
7211,0,4
7212,0,4
7213,0,6
7214,0,5
7215,2,4
7216,0,8
7217,0,4
7218,2,3
7219,0,6
7220,0,6
7221,0,9
7222,0,3
7223,2,5
7224,0,6
7225,0,4
7226,0,5
7227,0,1
7228,0,6
7229,0,4
7230,0,4
7231,0,4
7232,0,4
7233,0,4
7234,0,6
7235,0,6
7236,0,3
7237,0,7
7238,0,4
7239,0,4
7240,0,3
7241,2,4
7242,0,4
7243,2,4
7244,0,4
7245,0,5
7246,0,4
7247,0,4
7248,0,4
7249,0,4
7250,0,4
7251,0,4
7252,0,4
7253,0,4
7254,0,4
7255,0,4
7256,0,4
7257,0,4
7258,0,8
7259,0,4
7260,0,4
7261,0,8
7262,0,3
7263,0,4
7264,0,4
7265,0,4
7266,0,5
7267,0,6
7268,1,3
7269,0,5
7270,0,4
7271,0,4
7272,0,3
7273,0,1
7274,0,4
7275,0,4
7276,0,6
7277,2,5
7278,0,4
7279,1,9
7280,0,4
7281,0,7
7282,0,4
7283,0,8
7284,0,5
7285,0,4
7286,0,7
7287,0,8
7288,0,4
7289,2,7
7290,0,5
7291,1,2
7292,0,4
7293,1,6
7294,0,4
7295,0,4
7296,0,4
7297,0,8
7298,0,5
7299,0,6
7300,0,4
7301,0,4
7302,2,7
7303,0,9
7304,0,4
7305,0,7
7306,0,4
7307,0,6
7308,0,9
7309,0,4
7310,0,4
7311,2,7
7312,0,8
7313,0,4
7314,0,4
7315,0,8
7316,0,5
7317,0,5
7318,0,8
7319,0,8
7320,0,5
7321,2,2
7322,1,8
7323,2,4
7324,0,3
7325,0,4
7326,0,4
7327,0,6
7328,0,9
7329,0,4
7330,0,4
7331,0,3
7332,0,3
7333,0,7
7334,0,8
7335,0,3
7336,0,0
7337,0,4
7338,0,3
7339,0,4
7340,0,4
7341,0,4
7342,0,4
7343,0,4
7344,0,4
7345,0,4
7346,0,4
7347,0,4
7348,0,4
7349,0,8
7350,1,6
7351,0,4
7352,0,3
7353,0,4
7354,0,4
7355,0,4
7356,1,1
7357,0,4
7358,1,5
7359,0,3
7360,2,2
7361,0,3
7362,0,4
7363,0,4
7364,0,4
7365,2,7
7366,0,8
7367,0,4
7368,0,4
7369,0,1
7370,0,7
7371,0,4
7372,2,4
7373,0,9
7374,0,4
7375,0,4
7376,0,4
7377,0,4
7378,2,4
7379,0,5
7380,0,4
7381,0,6
7382,0,0
7383,0,4
7384,0,6
7385,0,4
7386,0,4
7387,0,4
7388,0,8
7389,0,4
7390,0,9
7391,0,3
7392,0,3
7393,0,4
7394,0,4
7395,0,4
7396,0,9
7397,0,5
7398,0,3
7399,0,6
7400,0,5
7401,2,8
7402,0,4
7403,1,8
7404,0,4
7405,1,2
7406,0,7
7407,0,5
7408,1,4
7409,0,4
7410,1,6
7411,0,8
7412,0,4
7413,0,3
7414,0,5
7415,0,4
7416,0,4
7417,0,9
7418,0,3
7419,0,5
7420,0,5
7421,0,8
7422,0,3
7423,0,3
7424,0,9
7425,0,2
7426,0,5
7427,1,5
7428,0,4
7429,0,3
7430,0,3
7431,0,4
7432,0,3
7433,0,4
7434,0,5
7435,0,0
7436,0,4
7437,0,3
7438,0,4
7439,1,5
7440,0,4
7441,0,8
7442,0,5
7443,0,5
7444,0,5
7445,0,4
7446,0,4
7447,2,5
7448,0,4
7449,0,4
7450,0,5
7451,0,5
7452,0,4
7453,0,7
7454,0,4
7455,0,4
7456,0,9
7457,0,4
7458,0,4
7459,0,4
7460,0,4
7461,0,9
7462,0,6
7463,0,2
7464,0,4
7465,0,5
7466,0,6
7467,0,4
7468,2,7
7469,0,6
7470,0,6
7471,0,8
7472,0,5
7473,0,6
7474,0,4
7475,0,4
7476,0,4
7477,0,0
7478,0,6
7479,1,8
7480,2,4
7481,0,5
7482,1,4
7483,1,3
7484,1,5
7485,0,4
7486,0,6
7487,2,9
7488,0,8
7489,2,8
7490,0,4
7491,0,8
7492,0,5
7493,0,1
7494,0,7
7495,0,3
7496,0,3
7497,0,3
7498,0,3
7499,0,9
7500,0,9
7501,0,6
7502,0,1
7503,0,7
7504,0,6
7505,0,5
7506,0,4
7507,0,6
7508,0,5
7509,0,8
7510,0,4
7511,0,5
7512,0,8
7513,0,1
7514,0,1
7515,0,4
7516,0,5
7517,0,6
7518,0,5
7519,0,1
7520,0,7
7521,0,5
7522,0,5
7523,0,6
7524,0,5
7525,0,5
7526,0,4
7527,2,4
7528,2,1
7529,0,6
7530,0,4
7531,2,5
7532,0,4
7533,0,5
7534,1,5
7535,0,3
7536,0,5
7537,0,4
7538,0,8
7539,0,4
7540,0,4
7541,0,5
7542,0,4
7543,0,7
7544,0,5
7545,0,6
7546,0,5
7547,0,1
7548,0,5
7549,0,3
7550,0,1
7551,0,4
7552,0,5
7553,0,4
7554,0,4
7555,2,5
7556,0,5
7557,0,5
7558,0,3
7559,1,5
7560,0,5
7561,1,5
7562,2,5
7563,0,6
7564,0,5
7565,0,5
7566,0,6
7567,1,5
7568,1,5
7569,0,5
7570,1,5
7571,1,7
7572,0,5
7573,0,6
7574,0,5
7575,0,6
7576,0,5
7577,0,5
7578,0,5
7579,2,4
7580,0,8
7581,0,8
7582,0,3
7583,0,5
7584,0,7
7585,0,3
7586,0,5
7587,0,6
7588,0,5
7589,0,6
7590,0,5
7591,0,6
7592,0,1
7593,1,1
7594,0,8
7595,0,6
7596,0,6
7597,0,5
7598,0,4
7599,0,4
7600,0,5
7601,0,7
7602,0,4
7603,0,7
7604,0,9
7605,0,6
7606,0,3
7607,0,3
7608,0,1
7609,0,5
7610,0,6
7611,0,4
7612,0,5
7613,0,5
7614,0,3
7615,0,6
7616,0,7
7617,0,4
7618,2,7
7619,0,6
7620,0,5
7621,0,5
7622,2,7
7623,0,6
7624,0,5
7625,0,1
7626,0,6
7627,0,6
7628,1,1
7629,0,4
7630,0,1
7631,0,5
7632,0,3
7633,0,1
7634,0,7
7635,0,5
7636,0,5
7637,0,6
7638,0,3
7639,0,6
7640,0,9
7641,0,1
7642,0,6
7643,0,1
7644,0,4
7645,0,4
7646,0,6
7647,0,4
7648,0,4
7649,0,5
7650,0,4
7651,0,4
7652,2,5
7653,0,1
7654,0,5
7655,0,7
7656,1,3
7657,0,5
7658,0,5
7659,2,5
7660,0,4
7661,0,4
7662,0,5
7663,0,4
7664,0,5
7665,0,4
7666,0,5
7667,0,6
7668,0,5
7669,2,7
7670,0,5
7671,0,5
7672,0,6
7673,0,7
7674,0,6
7675,0,5
7676,2,0
7677,0,4
7678,0,6
7679,0,5
7680,0,6
7681,0,3
7682,0,3
7683,0,5
7684,0,3
7685,0,3
7686,0,6
7687,0,4
7688,0,3
7689,2,6
7690,0,4
7691,0,7
7692,0,1
7693,0,7
7694,2,7
7695,2,5
7696,0,7
7697,0,6
7698,0,5
7699,0,5
7700,0,6
7701,0,3
7702,0,4
7703,0,4
7704,0,5
7705,0,3
7706,0,5
7707,0,5
7708,0,7
7709,0,5
7710,0,1
7711,0,4
7712,0,7
7713,0,7
7714,0,7
7715,0,4
7716,0,3
7717,0,4
7718,0,4
7719,0,1
7720,2,8
7721,0,5
7722,0,5
7723,0,3
7724,0,5
7725,0,3
7726,0,3
7727,0,5
7728,0,6
7729,0,4
7730,0,3
7731,0,7
7732,2,5
7733,0,1
7734,0,6
7735,0,6
7736,0,5
7737,0,5
7738,0,8
7739,0,6
7740,0,3
7741,0,5
7742,0,1
7743,0,3
7744,2,5
7745,0,4
7746,0,5
7747,1,5
7748,0,5
7749,0,5
7750,0,6
7751,0,5
7752,0,6
7753,0,4
7754,0,6
7755,2,7
7756,0,4
7757,0,4
7758,0,4
7759,0,1
7760,0,5
7761,0,6
7762,0,5
7763,0,6
7764,0,3
7765,1,5
7766,0,6
7767,0,5
7768,0,5
7769,0,4
7770,0,0
7771,0,0
7772,0,0
7773,0,0
7774,0,1
7775,0,7
7776,0,6
7777,0,1
7778,1,8
7779,0,7
7780,0,1
7781,0,1
7782,0,6
7783,0,7
7784,0,5
7785,0,1
7786,0,5
7787,0,6
7788,0,5
7789,0,4
7790,0,1
7791,0,5
7792,0,5
7793,0,5
7794,0,7
7795,0,4
7796,0,5
7797,0,4
7798,0,6
7799,0,6
7800,0,6
7801,2,5
7802,0,5
7803,0,4
7804,0,4
7805,0,3
7806,0,1
7807,0,7
7808,1,8
7809,0,4
7810,0,6
7811,0,3
7812,0,4
7813,0,4
7814,0,5
7815,0,7
7816,0,6
7817,0,4
7818,0,4
7819,0,0
7820,0,4
7821,0,5
7822,0,8
7823,0,5
7824,0,5
7825,0,5
7826,0,1
7827,0,6
7828,0,5
7829,0,0
7830,0,4
7831,0,4
7832,0,4
7833,0,9
7834,1,5
7835,0,5
7836,0,1
7837,0,4
7838,0,6
7839,0,6
7840,0,5
7841,0,5
7842,0,6
7843,0,5
7844,0,6
7845,0,1
7846,1,1
7847,0,7
7848,0,8
7849,0,5
7850,0,7
7851,0,7
7852,0,4
7853,0,4
7854,0,5
7855,0,1
7856,0,5
7857,0,7
7858,0,8
7859,0,5
7860,0,6
7861,0,4
7862,0,5
7863,0,3
7864,0,1
7865,0,5
7866,0,7
7867,0,5
7868,0,8
7869,0,5
7870,0,4
7871,0,3
7872,0,7
7873,0,3
7874,0,5
7875,0,8
7876,0,4
7877,0,5
7878,0,6
7879,0,4
7880,0,7
7881,0,6
7882,2,1
7883,0,5
7884,0,4
7885,0,5
7886,0,5
7887,0,1
7888,0,4
7889,0,5
7890,0,5
7891,0,6
7892,0,6
7893,0,9
7894,0,4
7895,0,1
7896,0,8
7897,0,1
7898,0,8
7899,0,5
7900,0,6
7901,0,3
7902,0,6
7903,0,3
7904,0,5
7905,0,8
7906,0,0
7907,0,7
7908,0,8
7909,0,7
7910,0,1
7911,0,0
7912,0,6
7913,0,5
7914,0,4
7915,0,5
7916,0,1
7917,0,6
7918,0,6
7919,0,0
7920,0,0
7921,0,6
7922,0,5
7923,0,5
7924,0,1
7925,0,3
7926,0,1
7927,0,5
7928,0,1
7929,0,5
7930,0,1
7931,0,0
7932,2,5
7933,0,7
7934,0,6
7935,0,8
7936,0,1
7937,0,8
7938,0,5
7939,0,5
7940,0,5
7941,0,5
7942,0,6
7943,0,5
7944,0,4
7945,0,5
7946,1,5
7947,0,3
7948,0,5
7949,0,5
7950,0,6
7951,0,6
7952,0,5
7953,0,5
7954,0,6
7955,0,5
7956,2,1
7957,0,4
7958,0,5
7959,0,5
7960,0,1
7961,0,8
7962,2,8
7963,0,5
7964,0,6
7965,0,4
7966,0,4
7967,0,6
7968,0,5
7969,0,8
7970,0,5
7971,0,5
7972,0,1
7973,0,5
7974,0,8
7975,0,5
7976,0,7
7977,0,1
7978,0,5
7979,2,3
7980,0,3
7981,0,3
7982,0,4
7983,0,8
7984,2,5
7985,0,8
7986,2,5
7987,0,8
7988,0,7
7989,0,8
7990,0,1
7991,0,5
7992,0,1
7993,0,5
7994,0,7
7995,0,1
7996,0,4
7997,0,5
7998,0,6
7999,0,3
8000,0,7
8001,0,1
8002,0,1
8003,0,1
8004,0,6
8005,0,5
8006,0,1
8007,2,7
8008,0,6
8009,0,4
8010,0,4
8011,1,6
8012,0,1
8013,0,6
8014,0,6
8015,0,1
8016,0,4
8017,0,6
8018,0,1
8019,0,8
8020,0,6
8021,0,5
8022,0,4
8023,0,6
8024,0,6
8025,0,8
8026,0,6
8027,0,5
8028,0,6
8029,0,8
8030,0,6
8031,0,6
8032,2,5
8033,0,0
8034,0,5
8035,0,6
8036,0,5
8037,0,6
8038,0,5
8039,0,6
8040,0,6
8041,0,7
8042,0,6
8043,0,0
8044,0,6
8045,0,9
8046,1,1
8047,0,6
8048,2,5
8049,0,5
8050,0,1
8051,0,1
8052,0,5
8053,0,6
8054,0,6
8055,0,4
8056,0,1
8057,0,1
8058,2,7
8059,0,5
8060,0,4
8061,0,6
8062,2,0
8063,2,7
8064,0,1
8065,0,1
8066,2,7
8067,0,6
8068,0,4
8069,0,6
8070,0,7
8071,0,1
8072,0,6
8073,0,5
8074,0,4
8075,0,1
8076,1,6
8077,0,6
8078,1,1
8079,0,6
8080,0,1
8081,0,5
8082,0,5
8083,0,5
8084,1,1
8085,0,1
8086,0,6
8087,0,6
8088,0,1
8089,0,6
8090,0,6
8091,0,1
8092,2,5
8093,0,6
8094,0,6
8095,0,6
8096,0,1
8097,1,1
8098,0,5
8099,1,1
8100,2,5
8101,0,1
8102,0,6
8103,0,6
8104,0,6
8105,0,1
8106,0,6
8107,0,1
8108,0,1
8109,0,6
8110,1,1
8111,0,6
8112,2,4
8113,2,1
8114,2,0
8115,0,6
8116,2,5
8117,0,5
8118,0,7
8119,0,5
8120,0,5
8121,0,5
8122,0,1
8123,0,6
8124,0,1
8125,0,1
8126,0,1
8127,0,6
8128,0,6
8129,0,1
8130,2,7
8131,0,1
8132,0,8
8133,0,1
8134,0,4
8135,0,6
8136,0,5
8137,0,8
8138,0,5
8139,1,5
8140,0,7
8141,0,6
8142,0,6
8143,0,6
8144,1,7
8145,0,6
8146,0,5
8147,2,5
8148,0,6
8149,0,4
8150,0,1
8151,0,6
8152,0,6
8153,0,6
8154,1,5
8155,0,8
8156,0,6
8157,0,1
8158,0,7
8159,0,5
8160,0,8
8161,0,7
8162,1,1
8163,0,6
8164,0,6
8165,0,6
8166,0,6
8167,0,6
8168,0,4
8169,0,4
8170,0,5
8171,0,5
8172,0,6
8173,0,6
8174,1,7
8175,0,1
8176,0,1
8177,0,1
8178,0,6
8179,0,1
8180,0,1
8181,1,5
8182,0,5
8183,0,5
8184,0,1
8185,0,6
8186,0,6
8187,0,0
8188,0,6
8189,0,3
8190,0,5
8191,1,5
8192,0,5
8193,0,6
8194,0,6
8195,0,6
8196,0,5
8197,0,1
8198,0,6
8199,0,5
8200,0,6
8201,0,5
8202,2,5
8203,0,6
8204,0,6
8205,2,1
8206,0,1
8207,0,6
8208,0,5
8209,0,6
8210,0,1
8211,2,7
8212,2,7
8213,0,6
8214,0,1
8215,0,1
8216,0,5
8217,0,5
8218,0,0
8219,0,6
8220,0,6
8221,0,6
8222,0,4
8223,0,6
8224,0,6
8225,0,4
8226,0,9
8227,0,6
8228,0,6
8229,0,5
8230,0,5
8231,0,6
8232,1,6
8233,0,9
8234,0,6
8235,1,7
8236,0,5
8237,0,4
8238,0,6
8239,0,4
8240,0,6
8241,0,6
8242,0,5
8243,0,6
8244,0,5
8245,0,4
8246,0,6
8247,0,6
8248,0,4
8249,0,6
8250,0,6
8251,0,6
8252,0,0
8253,0,6
8254,0,0
8255,0,6
8256,0,0
8257,0,6
8258,2,7
8259,0,4
8260,0,4
8261,0,4
8262,0,6
8263,2,4
8264,0,7
8265,0,8
8266,0,1
8267,0,6
8268,0,1
8269,0,1
8270,0,6
8271,0,6
8272,0,6
8273,0,6
8274,2,7
8275,0,1
8276,0,6
8277,0,1
8278,0,1
8279,0,3
8280,0,9
8281,0,9
8282,0,6
8283,0,6
8284,1,7
8285,0,5
8286,0,6
8287,0,6
8288,0,6
8289,0,6
8290,0,6
8291,0,6
8292,0,6
8293,0,1
8294,0,1
8295,2,7
8296,0,1
8297,0,6
8298,0,6
8299,0,4
8300,0,6
8301,0,6
8302,0,1
8303,1,6
8304,2,7
8305,0,1
8306,1,6
8307,0,5
8308,2,7
8309,1,5
8310,0,6
8311,1,5
8312,0,1
8313,0,4
8314,2,1
8315,0,6
8316,0,6
8317,2,7
8318,0,8
8319,0,6
8320,0,6
8321,0,6
8322,0,6
8323,0,6
8324,0,6
8325,0,4
8326,0,6
8327,0,6
8328,0,1
8329,0,4
8330,0,0
8331,0,7
8332,0,1
8333,0,1
8334,0,6
8335,0,6
8336,0,1
8337,0,8
8338,0,1
8339,0,1
8340,0,8
8341,0,6
8342,0,5
8343,0,6
8344,0,4
8345,0,6
8346,0,6
8347,0,6
8348,0,6
8349,0,9
8350,0,5
8351,0,5
8352,0,6
8353,2,1
8354,0,4
8355,0,6
8356,0,8
8357,0,6
8358,0,6
8359,0,7
8360,0,6
8361,0,6
8362,0,6
8363,0,5
8364,0,6
8365,0,4
8366,0,6
8367,0,6
8368,0,6
8369,0,6
8370,0,6
8371,0,6
8372,0,1
8373,0,5
8374,0,6
8375,0,6
8376,0,1
8377,0,1
8378,0,6
8379,0,1
8380,0,1
8381,0,5
8382,0,6
8383,0,6
8384,0,6
8385,0,7
8386,1,6
8387,0,5
8388,1,7
8389,0,6
8390,0,6
8391,1,5
8392,0,1
8393,0,4
8394,0,6
8395,1,1
8396,0,1
8397,0,1
8398,0,6
8399,2,0
8400,0,6
8401,0,6
8402,0,1
8403,0,6
8404,0,6
8405,1,6
8406,0,3
8407,0,6
8408,0,6
8409,0,1
8410,0,6
8411,2,7
8412,0,8
8413,0,4
8414,0,6
8415,0,4
8416,0,6
8417,0,6
8418,0,1
8419,0,0
8420,0,6
8421,0,6
8422,0,4
8423,0,0
8424,0,6
8425,2,1
8426,0,6
8427,0,6
8428,0,5
8429,0,5
8430,0,1
8431,0,7
8432,0,6
8433,2,7
8434,0,6
8435,0,6
8436,2,7
8437,0,6
8438,0,1
8439,0,6
8440,0,8
8441,0,6
8442,2,1
8443,0,6
8444,0,5
8445,0,6
8446,0,6
8447,0,8
8448,0,5
8449,0,6
8450,0,6
8451,0,6
8452,0,1
8453,1,5
8454,0,1
8455,2,2
8456,0,4
8457,0,7
8458,0,6
8459,0,4
8460,0,6
8461,1,1
8462,0,1
8463,0,6
8464,0,1
8465,0,1
8466,0,6
8467,0,1
8468,0,6
8469,0,1
8470,0,1
8471,0,1
8472,0,1
8473,1,1
8474,0,6
8475,0,1
8476,0,1
8477,0,6
8478,0,1
8479,1,7
8480,0,6
8481,0,6
8482,0,5
8483,2,1
8484,2,1
8485,0,1
8486,0,1
8487,0,5
8488,0,1
8489,0,1
8490,0,6
8491,0,1
8492,1,6
8493,0,1
8494,0,4
8495,0,1
8496,0,7
8497,0,6
8498,2,7
8499,0,6
8500,2,4
8501,0,6
8502,0,6
8503,0,1
8504,0,6
8505,0,6
8506,0,3
8507,2,8
8508,2,7
8509,1,1
8510,0,7
8511,0,4
8512,0,7
8513,0,1
8514,0,6
8515,0,6
8516,0,1
8517,0,4
8518,0,5
8519,0,5
8520,0,6
8521,0,6
8522,0,5
8523,0,0
8524,0,6
8525,0,4
8526,0,6
8527,0,5
8528,1,7
8529,0,3
8530,0,5
8531,0,5
8532,0,6
8533,0,5
8534,0,1
8535,0,5
8536,0,5
8537,0,7
8538,0,6
8539,0,7
8540,0,4
8541,0,6
8542,0,5
8543,0,7
8544,1,7
8545,0,4
8546,0,4
8547,0,5
8548,0,5
8549,0,6
8550,0,4
8551,0,4
8552,0,5
8553,0,6
8554,0,4
8555,0,6
8556,0,6
8557,0,5
8558,0,1
8559,0,8
8560,0,3
8561,2,5
8562,0,5
8563,0,8
8564,0,0
8565,0,6
8566,0,4
8567,0,3
8568,0,5
8569,0,5
8570,0,5
8571,0,5
8572,0,1
8573,0,5
8574,0,4
8575,0,4
8576,0,4
8577,0,8
8578,0,6
8579,2,7
8580,0,6
8581,0,6
8582,1,3
8583,0,3
8584,0,1
8585,0,5
8586,0,7
8587,0,7
8588,0,6
8589,2,7
8590,0,6
8591,0,6
8592,0,4
8593,0,7
8594,0,7
8595,0,8
8596,0,1
8597,0,6
8598,0,1
8599,0,5
8600,0,3
8601,0,9
8602,0,3
8603,0,6
8604,0,5
8605,1,7
8606,0,5
8607,0,6
8608,0,5
8609,0,7
8610,0,5
8611,2,7
8612,0,5
8613,1,7
8614,1,7
8615,0,8
8616,0,3
8617,0,5
8618,0,1
8619,0,5
8620,2,1
8621,0,4
8622,0,1
8623,1,5
8624,0,6
8625,0,6
8626,2,5
8627,0,5
8628,0,4
8629,0,4
8630,0,5
8631,0,5
8632,0,5
8633,0,5
8634,0,9
8635,0,6
8636,0,6
8637,0,4
8638,0,6
8639,0,5
8640,0,1
8641,2,5
8642,0,4
8643,0,6
8644,0,1
8645,0,7
8646,0,4
8647,2,1
8648,0,7
8649,0,5
8650,1,5
8651,0,3
8652,2,7
8653,0,5
8654,0,7
8655,0,3
8656,0,6
8657,0,5
8658,0,7
8659,0,6
8660,0,7
8661,0,7
8662,0,5
8663,2,0
8664,0,6
8665,0,5
8666,0,5
8667,0,7
8668,0,5
8669,0,5
8670,0,1
8671,0,5
8672,0,1
8673,0,5
8674,0,5
8675,2,5
8676,0,6
8677,2,7
8678,0,6
8679,0,5
8680,0,5
8681,0,5
8682,0,5
8683,0,1
8684,0,5
8685,0,5
8686,2,5
8687,2,6
8688,0,8
8689,0,5
8690,0,5
8691,0,9
8692,0,7
8693,0,8
8694,0,1
8695,0,1
8696,0,1
8697,0,4
8698,0,6
8699,0,6
8700,0,6
8701,0,4
8702,0,6
8703,0,1
8704,0,6
8705,0,5
8706,0,8
8707,0,6
8708,0,5
8709,0,7
8710,0,1
8711,0,5
8712,0,5
8713,0,6
8714,0,4
8715,0,8
8716,0,6
8717,0,5
8718,0,1
8719,0,5
8720,0,1
8721,0,6
8722,0,5
8723,0,1
8724,2,1
8725,2,5
8726,0,1
8727,0,1
8728,2,5
8729,0,1
8730,0,5
8731,0,5
8732,0,5
8733,1,5
8734,1,7
8735,0,5
8736,0,5
8737,0,4
8738,0,5
8739,0,7
8740,0,6
8741,0,5
8742,0,3
8743,0,1
8744,0,1
8745,0,5
8746,0,5
8747,0,5
8748,0,5
8749,2,5
8750,0,9
8751,0,6
8752,0,6
8753,0,5
8754,0,5
8755,0,5
8756,2,7
8757,0,6
8758,0,7
8759,1,7
8760,0,7
8761,0,6
8762,0,7
8763,0,5
8764,0,4
8765,0,9
8766,0,1
8767,0,7
8768,0,4
8769,0,7
8770,0,3
8771,0,9
8772,0,4
8773,0,1
8774,0,4
8775,0,5
8776,0,5
8777,0,3
8778,0,5
8779,0,1
8780,2,7
8781,0,4
8782,0,5
8783,0,7
8784,0,5
8785,0,6
8786,0,6
8787,0,5
8788,0,5
8789,2,7
8790,2,5
8791,0,0
8792,0,6
8793,0,6
8794,0,1
8795,0,6
8796,0,4
8797,0,6
8798,0,4
8799,0,6
8800,0,7
8801,0,5
8802,0,7
8803,0,4
8804,0,4
8805,0,4
8806,0,6
8807,0,5
8808,0,5
8809,0,1
8810,0,1
8811,0,1
8812,0,1
8813,0,7
8814,0,5
8815,0,4
8816,0,5
8817,1,5
8818,0,5
8819,0,4
8820,0,5
8821,0,5
8822,0,5
8823,2,7
8824,2,7
8825,0,4
8826,0,5
8827,0,1
8828,0,1
8829,0,4
8830,0,3
8831,0,8
8832,0,3
8833,0,5
8834,0,6
8835,0,7
8836,0,3
8837,0,5
8838,0,3
8839,1,7
8840,0,4
8841,0,4
8842,0,7
8843,0,5
8844,0,5
8845,2,5
8846,0,4
8847,2,7
8848,2,7
8849,0,1
8850,0,6
8851,0,5
8852,0,5
8853,1,7
8854,0,3
8855,0,5
8856,0,5
8857,0,7
8858,1,7
8859,0,3
8860,0,5
8861,0,5
8862,0,6
8863,0,6
8864,0,5
8865,0,5
8866,0,5
8867,0,6
8868,1,7
8869,0,5
8870,0,5
8871,0,5
8872,0,6
8873,0,8
8874,0,1
8875,0,7
8876,0,1
8877,0,5
8878,0,7
8879,0,1
8880,0,5
8881,0,6
8882,0,1
8883,0,6
8884,0,6
8885,0,5
8886,0,4
8887,0,6
8888,0,6
8889,0,5
8890,2,5
8891,0,7
8892,0,7
8893,0,5
8894,0,6
8895,2,1
8896,0,7
8897,0,1
8898,0,5
8899,0,4
8900,0,1
8901,0,1
8902,0,9
8903,0,4
8904,0,7
8905,0,2
8906,0,8
8907,0,8
8908,0,5
8909,0,5
8910,0,5
8911,0,6
8912,2,5
8913,0,8
8914,0,7
8915,0,8
8916,0,4
8917,0,4
8918,0,6
8919,2,7
8920,2,6
8921,0,5
8922,2,3
8923,0,5
8924,0,6
8925,0,5
8926,0,5
8927,0,8
8928,0,6
8929,0,6
8930,0,6
8931,1,5
8932,0,1
8933,1,5
8934,0,1
8935,0,7
8936,0,6
8937,0,5
8938,0,5
8939,0,7
8940,0,5
8941,0,4
8942,0,5
8943,0,5
8944,0,7
8945,0,6
8946,0,7
8947,0,7
8948,0,7
8949,0,3
8950,0,5
8951,0,5
8952,0,1
8953,0,6
8954,0,5
8955,0,6
8956,0,5
8957,0,3
8958,0,7
8959,0,5
8960,2,7
8961,0,1
8962,0,1
8963,0,5
8964,0,4
8965,0,1
8966,0,6
8967,0,9
8968,0,4
8969,0,7
8970,0,5
8971,0,6
8972,0,8
8973,0,1
8974,0,6
8975,0,4
8976,0,5
8977,0,5
8978,0,5
8979,0,3
8980,0,5
8981,0,7
8982,0,5
8983,0,5
8984,0,5
8985,0,5
8986,1,7
8987,0,5
8988,0,1
8989,2,6
8990,0,1
8991,0,4
8992,0,1
8993,0,0
8994,0,5
8995,0,5
8996,0,7
8997,0,5
8998,2,5
8999,0,3
9000,0,5
9001,0,8
9002,0,8
9003,0,5
9004,0,8
9005,0,8
9006,0,4
9007,0,8
9008,0,5
9009,0,8
9010,0,8
9011,1,1
9012,0,8
9013,0,5
9014,0,5
9015,0,8
9016,0,4
9017,0,5
9018,0,8
9019,0,5
9020,0,1
9021,0,6
9022,0,5
9023,2,5
9024,0,4
9025,0,4
9026,1,7
9027,0,6
9028,0,4
9029,0,4
9030,0,4
9031,0,8
9032,0,8
9033,0,8
9034,0,5
9035,2,9
9036,0,5
9037,2,2
9038,0,8
9039,2,5
9040,0,4
9041,0,8
9042,0,9
9043,0,8
9044,0,8
9045,0,8
9046,1,8
9047,0,8
9048,0,1
9049,2,8
9050,0,4
9051,0,1
9052,0,5
9053,0,6
9054,0,9
9055,0,5
9056,0,5
9057,1,8
9058,0,8
9059,1,5
9060,0,8
9061,0,8
9062,2,4
9063,0,8
9064,0,5
9065,0,8
9066,0,1
9067,0,7
9068,0,8
9069,0,7
9070,2,5
9071,0,5
9072,0,5
9073,2,8
9074,0,8
9075,0,3
9076,2,8
9077,0,7
9078,0,8
9079,0,5
9080,0,2
9081,2,2
9082,0,5
9083,0,5
9084,2,8
9085,2,8
9086,0,6
9087,0,5
9088,2,5
9089,2,8
9090,1,5
9091,2,5
9092,0,7
9093,0,5
9094,2,8
9095,0,4
9096,0,8
9097,0,0
9098,0,4
9099,0,9
9100,0,4
9101,0,8
9102,0,8
9103,0,5
9104,0,8
9105,0,1
9106,1,5
9107,0,7
9108,1,8
9109,0,5
9110,0,5
9111,1,5
9112,0,4
9113,2,5
9114,1,5
9115,1,8
9116,0,6
9117,0,5
9118,0,5
9119,0,4
9120,0,4
9121,0,8
9122,0,5
9123,0,7
9124,0,6
9125,2,2
9126,0,5
9127,0,4
9128,0,1
9129,1,8
9130,0,5
9131,0,8
9132,0,8
9133,0,5
9134,2,1
9135,1,8
9136,0,6
9137,0,4
9138,0,8
9139,0,4
9140,0,4
9141,0,9
9142,0,8
9143,0,4
9144,1,8
9145,2,3
9146,0,8
9147,2,5
9148,2,5
9149,2,6
9150,0,5
9151,2,8
9152,1,8
9153,0,8
9154,0,8
9155,0,8
9156,1,8
9157,0,6
9158,0,1
9159,0,4
9160,0,4
9161,0,6
9162,0,5
9163,1,8
9164,0,8
9165,2,5
9166,1,5
9167,2,7
9168,0,1
9169,0,2
9170,0,5
9171,0,8
9172,2,3
9173,2,3
9174,0,5
9175,0,5
9176,2,4
9177,0,8
9178,1,8
9179,0,5
9180,0,5
9181,0,4
9182,0,8
9183,0,5
9184,2,3
9185,2,8
9186,1,6
9187,0,3
9188,0,8
9189,1,8
9190,2,2
9191,1,8
9192,0,8
9193,0,6
9194,0,9
9195,1,8
9196,2,5
9197,0,3
9198,0,5
9199,0,4
9200,0,4
9201,0,5
9202,0,9
9203,1,5
9204,0,6
9205,0,8
9206,0,8
9207,0,8
9208,0,6
9209,1,5
9210,0,8
9211,2,5
9212,0,6
9213,2,8
9214,0,4
9215,0,8
9216,2,8
9217,1,5
9218,2,2
9219,0,8
9220,0,4
9221,0,8
9222,1,5
9223,0,8
9224,0,5
9225,0,0
9226,0,8
9227,2,8
9228,0,1
9229,0,4
9230,0,0
9231,0,8
9232,0,8
9233,0,8
9234,2,7
9235,0,8
9236,0,8
9237,1,1
9238,0,6
9239,0,3
9240,0,8
9241,1,8
9242,1,5
9243,0,8
9244,1,5
9245,0,1
9246,0,6
9247,0,8
9248,1,5
9249,0,5
9250,0,8
9251,2,6
9252,1,8
9253,2,2
9254,0,8
9255,0,5
9256,0,7
9257,0,5
9258,2,8
9259,1,5
9260,1,5
9261,0,5
9262,0,8
9263,2,8
9264,0,4
9265,0,5
9266,0,8
9267,2,7
9268,0,8
9269,0,8
9270,0,5
9271,2,5
9272,0,4
9273,0,8
9274,0,8
9275,0,4
9276,1,3
9277,1,8
9278,1,5
9279,0,5
9280,0,8
9281,1,3
9282,0,4
9283,1,8
9284,0,0
9285,0,5
9286,2,8
9287,0,8
9288,2,3
9289,0,8
9290,0,6
9291,0,8
9292,0,8
9293,0,0
9294,0,8
9295,0,4
9296,2,2
9297,0,8
9298,0,8
9299,0,4
9300,0,7
9301,0,4
9302,2,2
9303,0,1
9304,0,5
9305,0,6
9306,2,8
9307,0,8
9308,0,8
9309,2,8
9310,2,5
9311,0,9
9312,0,5
9313,0,5
9314,0,3
9315,0,4
9316,0,1
9317,0,8
9318,0,5
9319,0,6
9320,0,6
9321,0,4
9322,0,6
9323,2,8
9324,0,8
9325,0,5
9326,0,7
9327,1,8
9328,0,5
9329,0,5
9330,0,8
9331,2,8
9332,1,8
9333,1,8
9334,0,8
9335,0,7
9336,0,8
9337,0,8
9338,0,4
9339,0,8
9340,1,8
9341,0,8
9342,2,2
9343,0,5
9344,0,8
9345,0,8
9346,1,8
9347,2,8
9348,1,5
9349,0,5
9350,0,5
9351,0,9
9352,0,0
9353,2,8
9354,1,6
9355,0,8
9356,0,8
9357,0,8
9358,0,0
9359,0,5
9360,2,8
9361,0,7
9362,0,6
9363,0,8
9364,0,3
9365,0,8
9366,0,4
9367,0,5
9368,0,6
9369,0,5
9370,1,8
9371,0,6
9372,0,1
9373,0,5
9374,0,8
9375,0,9
9376,2,2
9377,1,9
9378,0,2
9379,0,9
9380,0,5
9381,0,8
9382,1,5
9383,1,1
9384,0,9
9385,0,4
9386,0,4
9387,0,9
9388,1,2
9389,0,5
9390,2,8
9391,0,8
9392,0,3
9393,2,0
9394,2,5
9395,2,8
9396,0,6
9397,0,8
9398,0,5
9399,0,9
9400,0,5
9401,0,5
9402,0,0
9403,1,8
9404,0,7
9405,0,5
9406,0,8
9407,0,0
9408,2,0
9409,0,6
9410,1,7
9411,0,8
9412,0,5
9413,0,9
9414,0,8
9415,0,5
9416,0,6
9417,0,9
9418,0,7
9419,2,2
9420,0,8
9421,1,8
9422,0,5
9423,0,9
9424,0,5
9425,0,9
9426,0,8
9427,0,6
9428,0,8
9429,0,8
9430,0,9
9431,0,8
9432,0,5
9433,0,5
9434,0,3
9435,0,0
9436,0,9
9437,0,6
9438,0,5
9439,0,1
9440,0,8
9441,0,8
9442,2,6
9443,0,8
9444,0,1
9445,0,8
9446,0,7
9447,1,6
9448,0,8
9449,0,8
9450,0,3
9451,0,5
9452,2,7
9453,0,8
9454,0,8
9455,0,8
9456,0,5
9457,0,8
9458,0,8
9459,0,8
9460,0,6
9461,0,6
9462,0,8
9463,0,0
9464,0,8
9465,0,5
9466,0,0
9467,0,5
9468,2,5
9469,1,1
9470,0,8
9471,0,8
9472,0,9
9473,0,8
9474,0,1
9475,0,6
9476,1,5
9477,0,8
9478,0,0
9479,0,4
9480,0,5
9481,2,8
9482,0,8
9483,0,5
9484,0,3
9485,0,7
9486,2,9
9487,0,9
9488,2,0
9489,0,9
9490,0,6
9491,0,3
9492,0,5
9493,1,8
9494,0,4
9495,0,5
9496,0,4
9497,0,1
9498,0,6
9499,0,8
9500,0,3
9501,0,4
9502,0,9
9503,0,5
9504,0,9
9505,0,9
9506,0,9
9507,0,9
9508,0,9
9509,0,9
9510,0,9
9511,0,9
9512,0,9
9513,0,9
9514,0,4
9515,0,9
9516,0,9
9517,1,9
9518,1,9
9519,0,9
9520,0,9
9521,0,9
9522,0,9
9523,0,9
9524,2,8
9525,0,8
9526,1,9
9527,0,5
9528,0,9
9529,0,7
9530,0,9
9531,0,9
9532,0,9
9533,0,9
9534,0,9
9535,0,4
9536,0,9
9537,0,9
9538,0,9
9539,0,9
9540,0,6
9541,0,9
9542,0,9
9543,0,6
9544,0,9
9545,0,9
9546,0,9
9547,0,6
9548,0,9
9549,0,9
9550,0,9
9551,0,9
9552,0,9
9553,0,6
9554,0,6
9555,0,9
9556,0,9
9557,0,9
9558,0,9
9559,0,4
9560,0,9
9561,0,9
9562,0,9
9563,0,9
9564,0,6
9565,0,9
9566,0,9
9567,0,9
9568,0,9
9569,0,9
9570,0,9
9571,0,9
9572,0,9
9573,0,9
9574,0,9
9575,0,0
9576,0,6
9577,0,9
9578,0,9
9579,0,9
9580,0,9
9581,0,9
9582,0,9
9583,0,6
9584,0,9
9585,0,9
9586,0,9
9587,0,9
9588,0,9
9589,0,9
9590,0,9
9591,0,9
9592,0,9
9593,0,9
9594,0,9
9595,0,9
9596,0,9
9597,0,9
9598,0,9
9599,0,9
9600,0,9
9601,0,9
9602,0,5
9603,0,4
9604,0,9
9605,0,9
9606,0,9
9607,0,9
9608,0,6
9609,0,6
9610,0,6
9611,0,9
9612,0,9
9613,0,9
9614,0,6
9615,0,7
9616,0,9
9617,0,6
9618,0,6
9619,0,9
9620,0,4
9621,0,6
9622,0,9
9623,0,6
9624,0,9
9625,0,9
9626,0,9
9627,0,9
9628,0,9
9629,0,9
9630,0,9
9631,0,0
9632,0,9
9633,0,9
9634,0,9
9635,0,9
9636,0,9
9637,0,9
9638,0,9
9639,0,9
9640,0,9
9641,0,9
9642,0,9
9643,0,9
9644,0,9
9645,0,0
9646,0,9
9647,0,9
9648,0,9
9649,0,9
9650,0,9
9651,0,9
9652,0,9
9653,0,9
9654,0,9
9655,0,9
9656,0,9
9657,0,9
9658,0,9
9659,0,9
9660,0,9
9661,0,9
9662,0,9
9663,0,9
9664,0,9
9665,0,9
9666,0,9
9667,0,6
9668,0,6
9669,0,9
9670,0,9
9671,0,6
9672,0,9
9673,0,9
9674,0,0
9675,0,9
9676,0,4
9677,0,9
9678,0,9
9679,0,9
9680,0,9
9681,0,4
9682,0,9
9683,0,9
9684,0,9
9685,0,9
9686,0,9
9687,0,5
9688,0,9
9689,0,9
9690,0,9
9691,0,6
9692,0,5
9693,0,6
9694,0,9
9695,0,9
9696,0,9
9697,0,9
9698,0,9
9699,0,9
9700,0,9
9701,0,9
9702,0,9
9703,0,9
9704,0,9
9705,1,9
9706,1,9
9707,0,9
9708,0,9
9709,0,9
9710,0,9
9711,0,6
9712,0,9
9713,0,9
9714,0,9
9715,0,9
9716,0,9
9717,0,9
9718,0,9
9719,0,9
9720,0,0
9721,0,9
9722,0,9
9723,0,0
9724,0,9
9725,0,9
9726,0,5
9727,0,5
9728,2,9
9729,0,9
9730,2,9
9731,0,9
9732,0,9
9733,0,0
9734,0,9
9735,0,9
9736,0,9
9737,0,9
9738,0,9
9739,0,6
9740,0,9
9741,0,9
9742,0,9
9743,0,9
9744,0,9
9745,0,9
9746,0,9
9747,0,9
9748,0,9
9749,0,9
9750,0,9
9751,0,9
9752,0,9
9753,2,9
9754,0,9
9755,0,9
9756,0,5
9757,0,9
9758,0,4
9759,1,9
9760,0,6
9761,0,9
9762,0,9
9763,0,9
9764,0,9
9765,0,9
9766,0,9
9767,0,9
9768,0,7
9769,0,5
9770,0,9
9771,0,9
9772,1,9
9773,0,9
9774,2,9
9775,0,9
9776,1,9
9777,0,9
9778,2,9
9779,0,9
9780,0,5
9781,1,9
9782,0,9
9783,0,9
9784,0,9
9785,0,9
9786,0,9
9787,0,9
9788,0,9
9789,0,9
9790,0,9
9791,0,5
9792,0,9
9793,2,9
9794,0,9
9795,0,9
9796,0,9
9797,0,9
9798,0,9
9799,0,4
9800,0,9
9801,0,7
9802,0,9
9803,0,9
9804,0,0
9805,2,0
9806,0,9
9807,0,9
9808,0,4
9809,0,9
9810,0,9
9811,0,9
9812,0,1
9813,0,4
9814,0,9
9815,0,9
9816,0,9
9817,0,9
9818,0,9
9819,0,9
9820,0,9
9821,0,9
9822,0,9
9823,0,9
9824,0,9
9825,0,3
9826,0,9
9827,0,1
9828,0,9
9829,0,9
9830,0,9
9831,0,4
9832,1,9
9833,0,9
9834,0,9
9835,0,9
9836,0,9
9837,0,9
9838,0,5
9839,0,9
9840,0,9
9841,0,9
9842,0,9
9843,0,5
9844,0,9
9845,0,9
9846,0,9
9847,0,9
9848,0,9
9849,0,9
9850,0,9
9851,0,9
9852,0,9
9853,1,9
9854,0,9
9855,1,9
9856,1,9
9857,0,9
9858,0,9
9859,0,9
9860,0,9
9861,1,9
9862,0,9
9863,0,5
9864,0,4
9865,0,9
9866,0,4
9867,0,9
9868,0,9
9869,0,9
9870,0,9
9871,0,9
9872,1,9
9873,0,9
9874,0,9
9875,1,9
9876,0,9
9877,0,9
9878,0,9
9879,0,9
9880,1,9
9881,0,9
9882,0,9
9883,0,9
9884,0,9
9885,0,9
9886,0,9
9887,0,9
9888,0,6
9889,0,4
9890,0,9
9891,0,9
9892,0,4
9893,0,9
9894,0,9
9895,0,9
9896,0,4
9897,0,9
9898,0,9
9899,0,9
9900,2,9
9901,0,9
9902,0,9
9903,0,9
9904,0,9
9905,0,9
9906,0,9
9907,0,9
9908,0,9
9909,0,9
9910,1,9
9911,0,9
9912,1,9
9913,0,9
9914,0,9
9915,0,4
9916,0,9
9917,0,6
9918,0,9
9919,0,9
9920,0,9
9921,0,9
9922,0,4
9923,0,6
9924,0,4
9925,0,9
9926,0,9
9927,0,4
9928,0,9
9929,0,9
9930,0,9
9931,0,9
9932,0,9
9933,0,9
9934,0,9
9935,0,6
9936,0,9
9937,0,9
9938,0,9
9939,0,9
9940,0,6
9941,0,9
9942,0,9
9943,0,9
9944,0,9
9945,0,9
9946,0,8
9947,0,9
9948,0,9
9949,0,9
9950,0,9
9951,0,4
9952,0,9
9953,0,9
9954,0,9
9955,0,9
9956,0,9
9957,0,9
9958,0,9
9959,0,5
9960,0,9
9961,0,9
9962,0,9
9963,0,9
9964,0,4
9965,0,8
9966,0,9
9967,0,9
9968,1,8
9969,0,9
9970,0,9
9971,0,9
9972,0,9
9973,1,9
9974,0,9
9975,0,9
9976,0,9
9977,0,9
9978,0,9
9979,0,9
9980,1,5
9981,0,1
9982,1,0
9983,0,9
9984,0,9
9985,0,9
9986,0,9
9987,0,9
9988,0,9
9989,0,9
9990,0,6
9991,0,9
9992,0,6
9993,0,9
9994,0,6
9995,0,9
9996,0,5
9997,0,6
9998,0,9
9999,0,9
10000,0,9
